,cytoID,label
0,628,NEUTROPHILES
1,468,NEUTROPHILES
2,55,NEUTROPHILES
3,464,NEUTROPHILES
4,541,BLASTES
5,795,NEUTROPHILES
6,611,EOSINOPHILES
7,93,NEUTROPHILES
8,1037,METAMYELOCYTES
9,487,NEUTROPHILES
10,1071,METAMYELOCYTES
11,776,BASOPHILES
12,808,ARTEFACTS
13,478,NEUTROPHILES
14,597,NEUTROPHILES
15,873,NEUTROPHILES
16,144,NEUTROPHILES
17,384,ERYTHROBLASTES
18,721,BASOPHILES
19,1067,LYMPHOCYTES
20,223,NEUTROPHILES
21,357,NEUTROPHILES
22,789,NEUTROPHILES
23,165,NEUTROPHILES
24,569,LYMPHOCYTES
25,893,LYMPHOCYTES
26,943,NEUTROPHILES
27,904,NEUTROPHILES
28,57,LYMPHOCYTES
29,1096,METAMYELOCYTES
30,495,BLASTES
31,1028,MYELOCYTES
32,1015,NEUTROPHILES
33,664,NEUTROPHILES
34,474,NEUTROPHILES
35,33,NEUTROPHILES
36,662,NEUTROPHILES
37,970,NEUTROPHILES
38,909,NEUTROPHILES
39,341,NEUTROPHILES
40,718,NEUTROPHILES
41,480,NEUTROPHILES
42,420,LYMPHOCYTES
43,75,NEUTROPHILES
44,118,LYMPHOCYTES
45,767,BLASTES
46,961,ARTEFACTS
47,849,NEUTROPHILES
48,286,NEUTROPHILES
49,555,NEUTROPHILES
50,510,MYELOCYTES
51,1087,NEUTROPHILES
52,937,ARTEFACTS
53,456,ARTEFACTS
54,575,ERYTHROBLASTES
55,123,NEUTROPHILES
56,506,NEUTROPHILES
57,161,NEUTROPHILES
58,549,NEUTROPHILES
59,1016,METAMYELOCYTES
60,120,NEUTROPHILES
61,844,NEUTROPHILES
62,508,NEUTROPHILES
63,399,NEUTROPHILES
64,861,NEUTROPHILES
65,545,BLASTES
66,149,NEUTROPHILES
67,602,BLASTES
68,370,METAMYELOCYTES
69,349,NEUTROPHILES
70,334,ARTEFACTS
71,951,NEUTROPHILES
72,326,BLASTES
73,665,ARTEFACTS
74,1049,NEUTROPHILES
75,835,NEUTROPHILES
76,395,NEUTROPHILES
77,996,LYMPHOCYTES
78,515,NEUTROPHILES
79,547,NEUTROPHILES
80,851,BASOPHILES
81,877,BASOPHILES
82,572,NEUTROPHILES
83,98,NEUTROPHILES
84,820,LYMPHOCYTES
85,215,ARTEFACTS
86,330,NEUTROPHILES
87,523,NEUTROPHILES
88,10,NEUTROPHILES
89,696,MYELOCYTES
90,974,NEUTROPHILES
91,228,ERYTHROBLASTES
92,303,ARTEFACTS
93,681,NEUTROPHILES
94,342,NEUTROPHILES
95,467,LYMPHOCYTES
96,1107,NEUTROPHILES
97,500,NEUTROPHILES
98,193,NEUTROPHILES
99,50,BASOPHILES
100,238,NEUTROPHILES
101,142,NEUTROPHILES
102,1101,BLASTES
103,512,METAMYELOCYTES
104,99,NEUTROPHILES
105,219,NEUTROPHILES
106,947,BLASTES
107,744,NEUTROPHILES
108,819,NEUTROPHILES
109,422,BASOPHILES
110,300,NEUTROPHILES
111,942,NEUTROPHILES
112,676,ARTEFACTS
113,440,NEUTROPHILES
114,553,NEUTROPHILES
115,331,NEUTROPHILES
116,706,NEUTROPHILES
117,170,MYELOCYTES
118,318,LYMPHOCYTES
119,417,NEUTROPHILES
120,784,ARTEFACTS
121,90,LYMPHOCYTES
122,103,LYMPHOCYTES
123,899,LYMPHOCYTES
124,890,NEUTROPHILES
125,859,NEUTROPHILES
126,1093,NEUTROPHILES
127,683,MYELOCYTES
128,668,BASOPHILES
129,1114,NEUTROPHILES
130,1052,LYMPHOCYTES
131,916,NEUTROPHILES
132,1063,NEUTROPHILES
133,513,MYELOCYTES
134,489,NEUTROPHILES
135,442,NEUTROPHILES
136,531,BLASTES
137,1119,LYMPHOCYTES
138,806,LYMPHOCYTES
139,968,LYMPHOCYTES
140,171,NEUTROPHILES
141,983,ARTEFACTS
142,259,ARTEFACTS
143,253,NEUTROPHILES
144,1109,NEUTROPHILES
145,685,ERYTHROBLASTES
146,151,BASOPHILES
147,106,LYMPHOCYTES
148,525,BLASTES
149,130,NEUTROPHILES
150,126,NEUTROPHILES
151,964,NEUTROPHILES
152,475,LYMPHOCYTES
153,938,NEUTROPHILES
154,535,ARTEFACTS
155,258,NEUTROPHILES
156,4,NEUTROPHILES
157,1089,NEUTROPHILES
158,1084,NEUTROPHILES
159,738,BASOPHILES
160,971,NEUTROPHILES
161,359,BLASTES
162,609,NEUTROPHILES
163,427,LYMPHOCYTES
164,319,LYMPHOCYTES
165,117,BASOPHILES
166,443,NEUTROPHILES
167,347,LYMPHOCYTES
168,898,ARTEFACTS
169,822,BASOPHILES
170,762,METAMYELOCYTES
171,522,LYMPHOCYTES
172,1022,NEUTROPHILES
173,1106,NEUTROPHILES
174,766,ARTEFACTS
175,747,BASOPHILES
176,923,NEUTROPHILES
177,431,METAMYELOCYTES
178,69,NEUTROPHILES
179,315,NEUTROPHILES
180,775,LYMPHOCYTES
181,582,NEUTROPHILES
182,557,LYMPHOCYTES
183,857,LYMPHOCYTES
184,387,ARTEFACTS
185,78,METAMYELOCYTES
186,172,ERYTHROBLASTES
187,338,ARTEFACTS
188,1013,NEUTROPHILES
189,377,NEUTROPHILES
190,173,LYMPHOCYTES
191,313,ARTEFACTS
192,997,NEUTROPHILES
193,382,LYMPHOCYTES
194,136,ARTEFACTS
195,771,METAMYELOCYTES
196,210,NEUTROPHILES
197,933,BASOPHILES
198,1123,ARTEFACTS
199,790,NEUTROPHILES
200,433,BASOPHILES
201,895,NEUTROPHILES
202,202,NEUTROPHILES
203,1046,LYMPHOCYTES
204,299,BLASTES
205,119,LYMPHOCYTES
206,13,NEUTROPHILES
207,51,NEUTROPHILES
208,853,LYMPHOCYTES
209,1059,NEUTROPHILES
210,732,ARTEFACTS
211,598,NEUTROPHILES
212,211,LYMPHOCYTES
213,160,NEUTROPHILES
214,992,NEUTROPHILES
215,777,NEUTROPHILES
216,1041,NEUTROPHILES
217,642,ARTEFACTS
218,908,NEUTROPHILES
219,226,NEUTROPHILES
220,949,NEUTROPHILES
221,818,MYELOCYTES
222,122,LYMPHOCYTES
223,408,ARTEFACTS
224,641,NEUTROPHILES
225,504,LYMPHOCYTES
226,828,METAMYELOCYTES
227,710,NEUTROPHILES
228,46,NEUTROPHILES
229,140,NEUTROPHILES
230,779,NEUTROPHILES
231,666,EOSINOPHILES
232,182,METAMYELOCYTES
233,702,NEUTROPHILES
234,278,NEUTROPHILES
235,34,METAMYELOCYTES
236,894,LYMPHOCYTES
237,28,METAMYELOCYTES
238,213,NEUTROPHILES
239,592,NEUTROPHILES
240,416,ARTEFACTS
241,879,NEUTROPHILES
242,729,NEUTROPHILES
243,837,NEUTROPHILES
244,166,ARTEFACTS
245,620,NEUTROPHILES
246,631,NEUTROPHILES
247,670,NEUTROPHILES
248,469,LYMPHOCYTES
249,333,ARTEFACTS
250,2,LYMPHOCYTES
251,16,METAMYELOCYTES
252,578,NEUTROPHILES
253,374,NEUTROPHILES
254,361,NEUTROPHILES
255,936,NEUTROPHILES
256,954,NEUTROPHILES
257,484,NEUTROPHILES
258,941,LYMPHOCYTES
259,979,ARTEFACTS
260,830,NEUTROPHILES
261,134,BLASTES
262,49,NEUTROPHILES
263,606,LYMPHOCYTES
264,1045,LYMPHOCYTES
265,1053,BASOPHILES
266,1072,PROMYELOCYTES
267,735,LYMPHOCYTES
268,544,NEUTROPHILES
269,1025,NEUTROPHILES
270,716,NEUTROPHILES
271,920,LYMPHOCYTES
272,167,NEUTROPHILES
273,376,NEUTROPHILES
274,810,ERYTHROBLASTES
275,588,NEUTROPHILES
276,58,NEUTROPHILES
277,623,BASOPHILES
278,507,BLASTES
279,325,EOSINOPHILES
280,471,MYELOCYTES
281,640,ERYTHROBLASTES
282,593,LYMPHOCYTES
283,336,NEUTROPHILES
284,463,BLASTES
285,865,BASOPHILES
286,1033,ARTEFACTS
287,242,ARTEFACTS
288,973,NEUTROPHILES
289,527,NEUTROPHILES
290,481,LYMPHOCYTES
291,302,NEUTROPHILES
292,724,NEUTROPHILES
293,477,NEUTROPHILES
294,926,PROMYELOCYTES
295,280,LYMPHOCYTES
296,444,BASOPHILES
297,529,BASOPHILES
298,1082,NEUTROPHILES
299,907,NEUTROPHILES
300,272,NEUTROPHILES
301,492,BASOPHILES
302,425,NEUTROPHILES
303,550,LYMPHOCYTES
304,772,NEUTROPHILES
305,288,NEUTROPHILES
306,1011,NEUTROPHILES
307,163,METAMYELOCYTES
308,813,BASOPHILES
309,693,NEUTROPHILES
310,162,NEUTROPHILES
311,788,ARTEFACTS
312,976,NEUTROPHILES
313,86,METAMYELOCYTES
314,466,MYELOCYTES
315,703,NEUTROPHILES
316,1006,NEUTROPHILES
317,918,NEUTROPHILES
318,137,NEUTROPHILES
319,455,LYMPHOCYTES
320,437,NEUTROPHILES
321,6,NEUTROPHILES
322,277,NEUTROPHILES
323,14,NEUTROPHILES
324,1070,NEUTROPHILES
325,600,ARTEFACTS
326,309,NEUTROPHILES
327,957,NEUTROPHILES
328,175,NEUTROPHILES
329,294,NEUTROPHILES
330,574,NEUTROPHILES
331,262,ARTEFACTS
332,524,ARTEFACTS
333,825,NEUTROPHILES
334,615,NEUTROPHILES
335,677,BASOPHILES
336,990,NEUTROPHILES
337,988,NEUTROPHILES
338,765,BASOPHILES
339,962,NEUTROPHILES
340,897,LYMPHOCYTES
341,925,MYELOCYTES
342,911,BASOPHILES
343,375,LYMPHOCYTES
344,869,BLASTES
345,234,NEUTROPHILES
346,748,LYMPHOCYTES
347,287,NEUTROPHILES
348,1121,NEUTROPHILES
349,1057,LYMPHOCYTES
350,1032,NEUTROPHILES
351,980,NEUTROPHILES
352,872,LYMPHOCYTES
353,92,ARTEFACTS
354,1051,NEUTROPHILES
355,568,NEUTROPHILES
356,465,BASOPHILES
357,41,NEUTROPHILES
358,30,MYELOCYTES
359,753,NEUTROPHILES
360,245,ARTEFACTS
361,886,LYMPHOCYTES
362,885,NEUTROPHILES
363,1068,LYMPHOCYTES
364,850,BLASTES
365,538,BLASTES
366,733,NEUTROPHILES
367,102,NEUTROPHILES
368,965,NEUTROPHILES
369,350,MYELOCYTES
370,787,BASOPHILES
371,68,BASOPHILES
372,752,NEUTROPHILES
373,52,NEUTROPHILES
374,953,NEUTROPHILES
375,764,ARTEFACTS
376,279,LYMPHOCYTES
377,691,NEUTROPHILES
378,1019,ARTEFACTS
379,977,NEUTROPHILES
380,836,BASOPHILES
381,197,LYMPHOCYTES
382,1020,ARTEFACTS
383,713,NEUTROPHILES
384,152,NEUTROPHILES
385,1018,NEUTROPHILES
386,700,NEUTROPHILES
387,459,NEUTROPHILES
388,485,PROMYELOCYTES
389,292,ARTEFACTS
390,461,NEUTROPHILES
391,1,NEUTROPHILES
392,796,BASOPHILES
393,532,LYMPHOCYTES
394,519,LYMPHOCYTES
395,742,NEUTROPHILES
396,198,BASOPHILES
397,430,NEUTROPHILES
398,945,METAMYELOCYTES
399,571,NEUTROPHILES
400,699,NEUTROPHILES
401,37,NEUTROPHILES
402,1005,NEUTROPHILES
403,839,METAMYELOCYTES
404,658,MYELOCYTES
405,256,ARTEFACTS
406,960,LYMPHOCYTES
407,791,NEUTROPHILES
408,83,LYMPHOCYTES
409,196,NEUTROPHILES
410,371,NEUTROPHILES
411,177,NEUTROPHILES
412,509,PROMYELOCYTES
413,802,LYMPHOCYTES
414,201,NEUTROPHILES
415,758,METAMYELOCYTES
416,190,NEUTROPHILES
417,409,NEUTROPHILES
418,218,ARTEFACTS
419,546,NEUTROPHILES
420,834,LYMPHOCYTES
421,239,NEUTROPHILES
422,552,ARTEFACTS
423,616,ARTEFACTS
424,501,ARTEFACTS
425,723,LYMPHOCYTES
426,798,NEUTROPHILES
427,255,METAMYELOCYTES
428,220,NEUTROPHILES
429,657,MYELOCYTES
430,141,LYMPHOCYTES
431,903,ARTEFACTS
432,453,BLASTES
433,39,BLASTES
434,95,LYMPHOCYTES
435,680,NEUTROPHILES
436,722,NEUTROPHILES
437,385,NEUTROPHILES
438,74,NEUTROPHILES
439,265,NEUTROPHILES
440,595,ARTEFACTS
441,454,NEUTROPHILES
442,627,ARTEFACTS
443,418,LYMPHOCYTES
444,707,LYMPHOCYTES
445,244,BASOPHILES
446,243,BASOPHILES
447,741,NEUTROPHILES
448,871,NEUTROPHILES
449,1065,METAMYELOCYTES
450,709,MYELOCYTES
451,56,NEUTROPHILES
452,817,BLASTES
453,635,BASOPHILES
454,952,NEUTROPHILES
455,276,LYMPHOCYTES
456,927,LYMPHOCYTES
457,847,ARTEFACTS
458,1062,ARTEFACTS
459,584,NEUTROPHILES
460,1066,NEUTROPHILES
461,624,NEUTROPHILES
462,1099,NEUTROPHILES
463,1043,METAMYELOCYTES
464,1027,ARTEFACTS
465,42,NEUTROPHILES
466,577,ERYTHROBLASTES
467,698,MYELOCYTES
468,1012,NEUTROPHILES
469,311,NEUTROPHILES
470,229,NEUTROPHILES
471,856,NEUTROPHILES
472,661,ARTEFACTS
473,373,NEUTROPHILES
474,655,BASOPHILES
475,583,NEUTROPHILES
476,15,LYMPHOCYTES
477,774,BASOPHILES
478,381,ARTEFACTS
479,1026,NEUTROPHILES
480,17,NEUTROPHILES
481,596,NEUTROPHILES
482,824,EOSINOPHILES
483,252,METAMYELOCYTES
484,922,ARTEFACTS
485,915,BASOPHILES
486,185,ARTEFACTS
487,874,NEUTROPHILES
488,1098,NEUTROPHILES
489,585,NEUTROPHILES
490,647,ARTEFACTS
491,982,NEUTROPHILES
492,921,NEUTROPHILES
493,797,ARTEFACTS
494,520,ERYTHROBLASTES
495,672,LYMPHOCYTES
496,250,LYMPHOCYTES
497,181,NEUTROPHILES
498,625,NEUTROPHILES
499,434,METAMYELOCYTES
500,986,LYMPHOCYTES
501,757,LYMPHOCYTES
502,5,NEUTROPHILES
503,36,NEUTROPHILES
504,751,BASOPHILES
505,763,NEUTROPHILES
506,652,NEUTROPHILES
507,1024,NEUTROPHILES
508,1029,ERYTHROBLASTES
509,143,ARTEFACTS
510,321,NEUTROPHILES
511,704,LYMPHOCYTES
512,3,BLASTES
513,488,NEUTROPHILES
514,663,ARTEFACTS
515,1100,LYMPHOCYTES
516,91,NEUTROPHILES
517,1010,NEUTROPHILES
518,246,NEUTROPHILES
519,517,ARTEFACTS
520,985,NEUTROPHILES
521,719,NEUTROPHILES
522,19,LYMPHOCYTES
523,1095,NEUTROPHILES
524,556,NEUTROPHILES
525,380,MYELOCYTES
526,967,LYMPHOCYTES
527,221,BLASTES
528,502,NEUTROPHILES
529,379,METAMYELOCYTES
530,204,LYMPHOCYTES
531,695,NEUTROPHILES
532,855,PROMYELOCYTES
533,863,NEUTROPHILES
534,237,NEUTROPHILES
535,358,NEUTROPHILES
536,391,LYMPHOCYTES
537,570,NEUTROPHILES
538,448,LYMPHOCYTES
539,866,NEUTROPHILES
540,1058,NEUTROPHILES
541,367,NEUTROPHILES
542,884,LYMPHOCYTES
543,687,LYMPHOCYTES
544,189,NEUTROPHILES
545,203,ARTEFACTS
546,227,ERYTHROBLASTES
547,1076,NEUTROPHILES
548,978,NEUTROPHILES
549,755,METAMYELOCYTES
550,743,BLASTES
551,1108,METAMYELOCYTES
552,135,ERYTHROBLASTES
553,645,NEUTROPHILES
554,84,NEUTROPHILES
555,59,LYMPHOCYTES
556,566,NEUTROPHILES
557,248,NEUTROPHILES
558,364,NEUTROPHILES
559,200,NEUTROPHILES
560,1105,ARTEFACTS
561,257,BLASTES
562,115,LYMPHOCYTES
563,392,MYELOCYTES
564,206,LYMPHOCYTES
565,902,NEUTROPHILES
566,634,ARTEFACTS
567,653,NEUTROPHILES
568,80,NEUTROPHILES
569,96,NEUTROPHILES
570,514,MYELOCYTES
571,363,METAMYELOCYTES
572,675,NEUTROPHILES
573,179,NEUTROPHILES
574,934,ARTEFACTS
575,360,LYMPHOCYTES
576,1031,NEUTROPHILES
577,125,NEUTROPHILES
578,726,NEUTROPHILES
579,914,NEUTROPHILES
580,785,BLASTES
581,426,LYMPHOCYTES
582,1102,NEUTROPHILES
583,521,METAMYELOCYTES
584,688,NEUTROPHILES
585,622,NEUTROPHILES
586,415,NEUTROPHILES
587,293,LYMPHOCYTES
588,754,NEUTROPHILES
589,1061,NEUTROPHILES
590,594,ARTEFACTS
591,801,NEUTROPHILES
592,235,LYMPHOCYTES
593,619,BASOPHILES
594,112,LYMPHOCYTES
595,66,ARTEFACTS
596,612,MYELOCYTES
597,770,METAMYELOCYTES
598,910,LYMPHOCYTES
599,674,NEUTROPHILES
600,1000,NEUTROPHILES
601,605,NEUTROPHILES
602,543,ARTEFACTS
603,673,NEUTROPHILES
604,608,NEUTROPHILES
605,1081,MYELOCYTES
606,362,NEUTROPHILES
607,958,NEUTROPHILES
608,783,NEUTROPHILES
609,561,BASOPHILES
610,116,MYELOCYTES
611,109,BASOPHILES
612,94,NEUTROPHILES
613,88,NEUTROPHILES
614,304,METAMYELOCYTES
615,1007,NEUTROPHILES
616,47,NEUTROPHILES
617,901,NEUTROPHILES
618,25,NEUTROPHILES
619,667,NEUTROPHILES
620,29,NEUTROPHILES
621,1040,METAMYELOCYTES
622,24,NEUTROPHILES
623,842,MYELOCYTES
624,306,NEUTROPHILES
625,18,NEUTROPHILES
626,928,NEUTROPHILES
627,537,PROMYELOCYTES
628,87,NEUTROPHILES
629,1091,ERYTHROBLASTES
630,316,BASOPHILES
631,212,NEUTROPHILES
632,805,ARTEFACTS
633,1009,NEUTROPHILES
634,794,NEUTROPHILES
635,887,NEUTROPHILES
636,482,ARTEFACTS
637,491,NEUTROPHILES
638,397,NEUTROPHILES
639,656,NEUTROPHILES
640,1117,NEUTROPHILES
641,343,LYMPHOCYTES
642,1047,ARTEFACTS
643,712,NEUTROPHILES
644,446,NEUTROPHILES
645,64,BASOPHILES
646,176,NEUTROPHILES
647,411,ARTEFACTS
648,816,BASOPHILES
649,421,ARTEFACTS
650,1110,ARTEFACTS
651,948,NEUTROPHILES
652,728,NEUTROPHILES
653,905,LYMPHOCYTES
654,626,NEUTROPHILES
655,398,NEUTROPHILES
656,511,METAMYELOCYTES
657,354,NEUTROPHILES
658,356,BASOPHILES
659,327,NEUTROPHILES
660,344,NEUTROPHILES
661,1001,MYELOCYTES
662,154,BLASTES
663,1122,ARTEFACTS
664,429,NEUTROPHILES
665,1075,BASOPHILES
666,739,ERYTHROBLASTES
667,649,NEUTROPHILES
668,271,NEUTROPHILES
669,862,LYMPHOCYTES
670,497,LYMPHOCYTES
671,660,NEUTROPHILES
672,536,BASOPHILES
673,1003,NEUTROPHILES
674,1069,LYMPHOCYTES
675,131,ARTEFACTS
676,540,ARTEFACTS
677,1118,NEUTROPHILES
678,368,BLASTES
679,563,NEUTROPHILES
680,984,METAMYELOCYTES
681,32,BLASTES
682,70,LYMPHOCYTES
683,889,ERYTHROBLASTES
684,295,NEUTROPHILES
685,351,NEUTROPHILES
686,12,LYMPHOCYTES
687,564,NEUTROPHILES
688,346,NEUTROPHILES
689,270,NEUTROPHILES
690,76,NEUTROPHILES
691,900,LYMPHOCYTES
692,322,NEUTROPHILES
693,320,NEUTROPHILES
694,247,NEUTROPHILES
695,419,NEUTROPHILES
696,773,NEUTROPHILES
697,8,NEUTROPHILES
698,337,BLASTES
699,991,NEUTROPHILES
700,445,NEUTROPHILES
701,1042,BLASTES
702,1074,METAMYELOCYTES
703,883,NEUTROPHILES
704,1038,LYMPHOCYTES
705,231,NEUTROPHILES
706,308,ARTEFACTS
707,254,NEUTROPHILES
708,636,ARTEFACTS
709,205,NEUTROPHILES
710,804,NEUTROPHILES
711,815,NEUTROPHILES
712,1060,BLASTES
713,969,NEUTROPHILES
714,216,NEUTROPHILES
715,654,NEUTROPHILES
716,845,NEUTROPHILES
717,307,LYMPHOCYTES
718,799,MYELOCYTES
719,353,MYELOCYTES
720,1088,NEUTROPHILES
721,340,NEUTROPHILES
722,473,MYELOCYTES
723,85,MYELOCYTES
724,548,BASOPHILES
725,689,NEUTROPHILES
726,365,LYMPHOCYTES
727,581,NEUTROPHILES
728,659,NEUTROPHILES
729,147,NEUTROPHILES
730,402,EOSINOPHILES
731,329,ARTEFACTS
732,955,NEUTROPHILES
733,692,NEUTROPHILES
734,174,NEUTROPHILES
735,157,NEUTROPHILES
736,240,ARTEFACTS
737,352,NEUTROPHILES
738,390,LYMPHOCYTES
739,786,NEUTROPHILES
740,891,NEUTROPHILES
741,1112,LYMPHOCYTES
742,930,NEUTROPHILES
743,61,NEUTROPHILES
744,348,BLASTES
745,40,LYMPHOCYTES
746,63,NEUTROPHILES
747,222,ARTEFACTS
748,261,NEUTROPHILES
749,298,NEUTROPHILES
750,848,LYMPHOCYTES
751,981,NEUTROPHILES
752,1113,NEUTROPHILES
753,388,LYMPHOCYTES
754,111,NEUTROPHILES
755,560,NEUTROPHILES
756,312,ARTEFACTS
757,972,NEUTROPHILES
758,498,LYMPHOCYTES
759,184,LYMPHOCYTES
760,963,ARTEFACTS
761,449,NEUTROPHILES
762,121,NEUTROPHILES
763,44,MYELOCYTES
764,156,METAMYELOCYTES
765,946,MYELOCYTES
766,499,NEUTROPHILES
767,328,NEUTROPHILES
768,260,NEUTROPHILES
769,1073,NEUTROPHILES
770,533,NEUTROPHILES
771,734,NEUTROPHILES
772,576,BASOPHILES
773,273,LYMPHOCYTES
774,383,NEUTROPHILES
775,1077,NEUTROPHILES
776,1092,NEUTROPHILES
777,20,NEUTROPHILES
778,838,NEUTROPHILES
779,283,BASOPHILES
780,264,BLASTES
781,127,NEUTROPHILES
782,401,NEUTROPHILES
783,1002,NEUTROPHILES
784,452,NEUTROPHILES
785,275,NEUTROPHILES
786,296,ARTEFACTS
787,746,NEUTROPHILES
788,435,NEUTROPHILES
789,232,ARTEFACTS
790,458,ERYTHROBLASTES
791,209,LYMPHOCYTES
792,852,ERYTHROBLASTES
793,224,NEUTROPHILES
794,669,BASOPHILES
795,21,NEUTROPHILES
796,1120,ERYTHROBLASTES
797,679,NEUTROPHILES
798,486,NEUTROPHILES
799,183,ARTEFACTS
800,542,NEUTROPHILES
801,310,ERYTHROBLASTES
802,428,NEUTROPHILES
803,944,NEUTROPHILES
804,518,ARTEFACTS
805,1078,NEUTROPHILES
806,335,LYMPHOCYTES
807,929,LYMPHOCYTES
808,551,NEUTROPHILES
809,833,BASOPHILES
810,892,NEUTROPHILES
811,441,BLASTES
812,591,NEUTROPHILES
813,812,LYMPHOCYTES
814,314,NEUTROPHILES
815,694,BASOPHILES
816,1055,NEUTROPHILES
817,148,NEUTROPHILES
818,233,NEUTROPHILES
819,114,NEUTROPHILES
820,650,LYMPHOCYTES
821,539,NEUTROPHILES
822,404,LYMPHOCYTES
823,168,LYMPHOCYTES
824,678,NEUTROPHILES
825,769,LYMPHOCYTES
826,749,METAMYELOCYTES
827,1035,NEUTROPHILES
828,648,NEUTROPHILES
829,490,NEUTROPHILES
830,71,NEUTROPHILES
831,447,METAMYELOCYTES
832,169,NEUTROPHILES
833,267,NEUTROPHILES
834,629,ERYTHROBLASTES
835,43,NEUTROPHILES
836,768,ARTEFACTS
837,832,LYMPHOCYTES
838,104,NEUTROPHILES
839,400,ARTEFACTS
840,1103,ERYTHROBLASTES
841,153,LYMPHOCYTES
842,291,ARTEFACTS
843,305,NEUTROPHILES
844,191,LYMPHOCYTES
845,632,NEUTROPHILES
846,403,ARTEFACTS
847,1083,BLASTES
848,451,NEUTROPHILES
849,1116,LYMPHOCYTES
850,994,MYELOCYTES
851,505,NEUTROPHILES
852,618,NEUTROPHILES
853,528,BLASTES
854,821,MYELOCYTES
855,146,ARTEFACTS
856,439,NEUTROPHILES
857,158,ARTEFACTS
858,800,NEUTROPHILES
859,129,ARTEFACTS
860,81,BLASTES
861,324,NEUTROPHILES
862,781,NEUTROPHILES
863,993,ARTEFACTS
864,610,NEUTROPHILES
865,214,ERYTHROBLASTES
866,1014,MYELOCYTES
867,199,NEUTROPHILES
868,565,MYELOCYTES
869,207,NEUTROPHILES
870,413,ARTEFACTS
871,643,NEUTROPHILES
872,332,LYMPHOCYTES
873,27,NEUTROPHILES
874,617,ARTEFACTS
875,1090,NEUTROPHILES
876,79,ARTEFACTS
877,987,NEUTROPHILES
878,132,NEUTROPHILES
879,780,NEUTROPHILES
880,65,LYMPHOCYTES
881,878,NEUTROPHILES
882,372,NEUTROPHILES
883,192,ARTEFACTS
884,100,EOSINOPHILES
885,386,ARTEFACTS
886,868,LYMPHOCYTES
887,875,NEUTROPHILES
888,1104,NEUTROPHILES
889,614,NEUTROPHILES
890,705,NEUTROPHILES
891,393,LYMPHOCYTES
892,323,METAMYELOCYTES
893,269,NEUTROPHILES
894,846,ARTEFACTS
895,917,NEUTROPHILES
896,423,NEUTROPHILES
897,793,BASOPHILES
898,975,NEUTROPHILES
899,164,BASOPHILES
900,644,NEUTROPHILES
901,792,NEUTROPHILES
902,108,LYMPHOCYTES
903,590,BASOPHILES
904,637,NEUTROPHILES
905,740,NEUTROPHILES
906,407,NEUTROPHILES
907,737,LYMPHOCYTES
908,867,NEUTROPHILES
909,708,MYELOCYTES
910,394,ARTEFACTS
911,760,BASOPHILES
912,809,BLASTES
913,730,BLASTES
914,251,MYELOCYTES
915,761,NEUTROPHILES
916,807,NEUTROPHILES
917,750,LYMPHOCYTES
918,1039,BASOPHILES
919,651,LYMPHOCYTES
920,11,ARTEFACTS
921,369,MYELOCYTES
922,638,LYMPHOCYTES
923,67,ARTEFACTS
924,155,BLASTES
925,462,LYMPHOCYTES
926,603,LYMPHOCYTES
927,230,BASOPHILES
928,138,NEUTROPHILES
929,178,BLASTES
930,432,BASOPHILES
931,998,NEUTROPHILES
932,159,LYMPHOCYTES
933,559,NEUTROPHILES
934,45,NEUTROPHILES
935,725,ARTEFACTS
936,589,NEUTROPHILES
937,690,LYMPHOCYTES
938,405,NEUTROPHILES
939,1079,BASOPHILES
940,715,ARTEFACTS
941,759,NEUTROPHILES
942,579,LYMPHOCYTES
943,882,NEUTROPHILES
944,483,BASOPHILES
945,77,NEUTROPHILES
946,671,LYMPHOCYTES
947,599,LYMPHOCYTES
948,881,NEUTROPHILES
949,630,ERYTHROBLASTES
950,811,NEUTROPHILES
951,829,NEUTROPHILES
952,516,NEUTROPHILES
953,1048,LYMPHOCYTES
954,60,BLASTES
955,935,LYMPHOCYTES
956,113,NEUTROPHILES
957,587,NEUTROPHILES
958,1036,LYMPHOCYTES
959,1004,NEUTROPHILES
960,731,NEUTROPHILES
961,940,ERYTHROBLASTES
962,195,BLASTES
963,956,MYELOCYTES
964,1064,METAMYELOCYTES
965,989,NEUTROPHILES
966,697,LYMPHOCYTES
967,841,NEUTROPHILES
968,959,NEUTROPHILES
969,187,MYELOCYTES
970,494,NEUTROPHILES
971,1050,NEUTROPHILES
972,831,NEUTROPHILES
973,186,ARTEFACTS
974,9,NEUTROPHILES
975,472,NEUTROPHILES
976,297,BLASTES
977,1115,MYELOCYTES
978,939,NEUTROPHILES
979,476,ARTEFACTS
980,263,NEUTROPHILES
981,208,LYMPHOCYTES
982,339,NEUTROPHILES
983,225,NEUTROPHILES
984,1030,NEUTROPHILES
985,82,NEUTROPHILES
986,586,BLASTES
987,268,NEUTROPHILES
988,1044,NEUTROPHILES
989,906,NEUTROPHILES
990,23,NEUTROPHILES
991,396,NEUTROPHILES
992,639,NEUTROPHILES
993,470,NEUTROPHILES
994,290,BLASTES
995,460,LYMPHOCYTES
996,803,NEUTROPHILES
997,479,NEUTROPHILES
998,932,NEUTROPHILES
999,864,LYMPHOCYTES
1000,880,LYMPHOCYTES
1001,966,NEUTROPHILES
1002,686,ARTEFACTS
1003,858,LYMPHOCYTES
1004,621,MYELOCYTES
1005,38,NEUTROPHILES
1006,814,NEUTROPHILES
1007,580,NEUTROPHILES
1008,438,ARTEFACTS
1009,194,NEUTROPHILES
1010,919,BLASTES
1011,128,NEUTROPHILES
1012,7,ARTEFACTS
1013,860,NEUTROPHILES
1014,633,NEUTROPHILES
1015,720,ARTEFACTS
1016,62,NEUTROPHILES
1017,236,NEUTROPHILES
1018,414,METAMYELOCYTES
1019,888,NEUTROPHILES
1020,496,NEUTROPHILES
1021,646,NEUTROPHILES
1022,31,NEUTROPHILES
1023,1054,BASOPHILES
1024,412,BLASTES
1025,912,BASOPHILES
1026,601,BASOPHILES
1027,105,NEUTROPHILES
1028,26,NEUTROPHILES
1029,558,EOSINOPHILES
1030,406,NEUTROPHILES
1031,1094,NEUTROPHILES
1032,285,NEUTROPHILES
1033,22,NEUTROPHILES
1034,714,NEUTROPHILES
1035,684,BLASTES
1036,745,NEUTROPHILES
1037,604,MYELOCYTES
1038,150,ERYTHROBLASTES
1039,896,METAMYELOCYTES
1040,826,LYMPHOCYTES
1041,530,NEUTROPHILES
1042,282,MYELOCYTES
1043,701,LYMPHOCYTES
1044,1023,LYMPHOCYTES
1045,266,NEUTROPHILES
1046,526,MYELOCYTES
1047,48,LYMPHOCYTES
1048,274,BASOPHILES
1049,613,ARTEFACTS
1050,1111,NEUTROPHILES
1051,89,NEUTROPHILES
1052,1056,NEUTROPHILES
1053,782,ERYTHROBLASTES
1054,241,NEUTROPHILES
1055,101,NEUTROPHILES
1056,876,NEUTROPHILES
1057,110,NEUTROPHILES
1058,607,LYMPHOCYTES
1059,843,LYMPHOCYTES
1060,366,NEUTROPHILES
1061,139,LYMPHOCYTES
1062,950,ERYTHROBLASTES
1063,301,NEUTROPHILES
1064,1034,LYMPHOCYTES
1065,289,BLASTES
1066,999,NEUTROPHILES
1067,378,NEUTROPHILES
1068,281,METAMYELOCYTES
1069,913,ARTEFACTS
1070,995,BASOPHILES
1071,124,NEUTROPHILES
1072,54,NEUTROPHILES
1073,72,NEUTROPHILES
1074,73,ARTEFACTS
1075,249,ARTEFACTS
1076,534,MYELOCYTES
1077,188,ARTEFACTS
1078,854,LYMPHOCYTES
1079,778,LYMPHOCYTES
1080,503,NEUTROPHILES
1081,133,NEUTROPHILES
1082,870,BASOPHILES
1083,345,ARTEFACTS
1084,554,ARTEFACTS
1085,682,MYELOCYTES
1086,1080,ERYTHROBLASTES
1087,410,NEUTROPHILES
1088,436,NEUTROPHILES
1089,827,PROMYELOCYTES
1090,1097,LYMPHOCYTES
1091,450,MYELOCYTES
1092,35,ARTEFACTS
1093,424,NEUTROPHILES
1094,756,BASOPHILES
1095,355,LYMPHOCYTES
1096,217,ARTEFACTS
1097,457,ARTEFACTS
1098,1017,LYMPHOCYTES
1099,736,NEUTROPHILES
1100,97,LYMPHOCYTES
1101,567,BLASTES
1102,317,BASOPHILES
1103,717,LYMPHOCYTES
1104,389,NEUTROPHILES
1105,107,METAMYELOCYTES
1106,53,NEUTROPHILES
1107,727,NEUTROPHILES
1108,1086,NEUTROPHILES
1109,493,NEUTROPHILES
1110,1021,NEUTROPHILES
1111,924,BLASTES
1112,931,NEUTROPHILES
1113,1008,METAMYELOCYTES
1114,562,NEUTROPHILES
1115,573,MYELOCYTES
1116,145,NEUTROPHILES
1117,840,LYMPHOCYTES
1118,823,NEUTROPHILES
1119,180,LYMPHOCYTES
1120,711,LYMPHOCYTES
1121,1085,NEUTROPHILES
1122,284,NEUTROPHILES
0,2641,MONOCYTES
1,2924,NEUTROPHILES
2,1751,ERYTHROBLASTES
3,1591,ERYTHROBLASTES
4,3011,ERYTHROBLASTES
5,1178,ERYTHROBLASTES
6,2945,ERYTHROBLASTES
7,1587,ERYTHROBLASTES
8,2864,ARTEFACTS
9,1664,ERYTHROBLASTES
10,1918,ERYTHROBLASTES
11,1734,ERYTHROBLASTES
12,2957,BLASTES
13,1216,ERYTHROBLASTES
14,2662,ERYTHROBLASTES
15,2160,ERYTHROBLASTES
16,1610,ERYTHROBLASTES
17,2677,ERYTHROBLASTES
18,2194,MONOCYTES
19,2515,ERYTHROBLASTES
20,1899,ERYTHROBLASTES
21,1931,ERYTHROBLASTES
22,1601,ERYTHROBLASTES
23,2453,NEUTROPHILES
24,2875,LYMPHOCYTES
25,1720,ERYTHROBLASTES
26,1996,ERYTHROBLASTES
27,1267,ERYTHROBLASTES
28,2737,ERYTHROBLASTES
29,2951,ERYTHROBLASTES
30,1507,ARTEFACTS
31,1844,ERYTHROBLASTES
32,2859,ERYTHROBLASTES
33,2381,ARTEFACTS
34,2190,MONOCYTES
35,1346,ERYTHROBLASTES
36,1480,ERYTHROBLASTES
37,1912,ERYTHROBLASTES
38,2371,ERYTHROBLASTES
39,1288,ERYTHROBLASTES
40,2587,ERYTHROBLASTES
41,2555,ERYTHROBLASTES
42,1692,MONOCYTES
43,2016,ERYTHROBLASTES
44,2758,ERYTHROBLASTES
45,2066,ERYTHROBLASTES
46,2027,ERYTHROBLASTES
47,1180,ERYTHROBLASTES
48,3043,LYMPHOCYTES
49,2219,MYELOCYTES
50,1618,ERYTHROBLASTES
51,2151,NEUTROPHILES
52,2512,BLASTES
53,2138,ERYTHROBLASTES
54,1787,ERYTHROBLASTES
55,1597,ERYTHROBLASTES
56,1156,ERYTHROBLASTES
57,1785,NEUTROPHILES
58,2093,ERYTHROBLASTES
59,2032,ERYTHROBLASTES
60,2961,NEUTROPHILES
61,1464,ERYTHROBLASTES
62,1841,ERYTHROBLASTES
63,2430,ERYTHROBLASTES
64,2791,ERYTHROBLASTES
65,2444,ERYTHROBLASTES
66,1603,ERYTHROBLASTES
67,1543,BLASTES
68,1198,ERYTHROBLASTES
69,1241,MYELOCYTES
70,1890,ERYTHROBLASTES
71,2084,ERYTHROBLASTES
72,1972,NEUTROPHILES
73,1409,ERYTHROBLASTES
74,1678,ERYTHROBLASTES
75,1633,ERYTHROBLASTES
76,2210,NEUTROPHILES
77,2060,NEUTROPHILES
78,3025,ERYTHROBLASTES
79,1579,ERYTHROBLASTES
80,3073,ERYTHROBLASTES
81,2658,ERYTHROBLASTES
82,2357,LYMPHOCYTES
83,1698,ERYTHROBLASTES
84,2785,ERYTHROBLASTES
85,1246,ERYTHROBLASTES
86,2564,ERYTHROBLASTES
87,1629,ERYTHROBLASTES
88,2812,ERYTHROBLASTES
89,1284,ERYTHROBLASTES
90,1672,ERYTHROBLASTES
91,2139,ARTEFACTS
92,1243,NEUTROPHILES
93,2588,ERYTHROBLASTES
94,1967,ERYTHROBLASTES
95,1631,ERYTHROBLASTES
96,1522,ERYTHROBLASTES
97,2989,MONOCYTES
98,1984,MONOCYTES
99,2842,ERYTHROBLASTES
100,2265,ERYTHROBLASTES
101,2655,ERYTHROBLASTES
102,1668,ERYTHROBLASTES
103,3010,ERYTHROBLASTES
104,2517,ERYTHROBLASTES
105,2914,ERYTHROBLASTES
106,1272,ERYTHROBLASTES
107,1725,ERYTHROBLASTES
108,2987,ERYTHROBLASTES
109,2777,ERYTHROBLASTES
110,2466,ERYTHROBLASTES
111,2530,ERYTHROBLASTES
112,1493,ERYTHROBLASTES
113,2614,ERYTHROBLASTES
114,1472,ERYTHROBLASTES
115,1457,ERYTHROBLASTES
116,2392,MYELOCYTES
117,2074,NEUTROPHILES
118,1449,ERYTHROBLASTES
119,2940,ERYTHROBLASTES
120,3017,LYMPHOCYTES
121,3076,MONOCYTES
122,2934,ERYTHROBLASTES
123,1788,ERYTHROBLASTES
124,2669,ERYTHROBLASTES
125,2172,ERYTHROBLASTES
126,2349,ARTEFACTS
127,2631,ERYTHROBLASTES
128,2416,ERYTHROBLASTES
129,2589,ERYTHROBLASTES
130,2454,NEUTROPHILES
131,2681,ARTEFACTS
132,2552,ERYTHROBLASTES
133,2742,MONOCYTES
134,2694,MONOCYTES
135,1958,ERYTHROBLASTES
136,1518,ERYTHROBLASTES
137,2646,LYMPHOCYTES
138,2119,ARTEFACTS
139,1638,ERYTHROBLASTES
140,2741,NEUTROPHILES
141,1670,ERYTHROBLASTES
142,2329,NEUTROPHILES
143,2886,ERYTHROBLASTES
144,1974,MONOCYTES
145,2000,ERYTHROBLASTES
146,1695,ERYTHROBLASTES
147,1221,ERYTHROBLASTES
148,1943,MONOCYTES
149,2714,ERYTHROBLASTES
150,2625,ERYTHROBLASTES
151,1338,NEUTROPHILES
152,1453,ERYTHROBLASTES
153,2932,MONOCYTES
154,2583,MONOCYTES
155,1646,ERYTHROBLASTES
156,1133,ERYTHROBLASTES
157,1819,NEUTROPHILES
158,2097,ERYTHROBLASTES
159,2264,ERYTHROBLASTES
160,2262,ERYTHROBLASTES
161,2333,ERYTHROBLASTES
162,1351,BLASTES
163,1426,ERYTHROBLASTES
164,1804,ERYTHROBLASTES
165,1465,ERYTHROBLASTES
166,1590,NEUTROPHILES
167,2711,ERYTHROBLASTES
168,2866,ERYTHROBLASTES
169,2230,ERYTHROBLASTES
170,1623,ERYTHROBLASTES
171,1316,ERYTHROBLASTES
172,1173,ERYTHROBLASTES
173,1361,ERYTHROBLASTES
174,1265,ERYTHROBLASTES
175,2363,ERYTHROBLASTES
176,2972,ERYTHROBLASTES
177,2706,ERYTHROBLASTES
178,2871,ERYTHROBLASTES
179,2938,ERYTHROBLASTES
180,2224,ERYTHROBLASTES
181,1635,ERYTHROBLASTES
182,1222,ERYTHROBLASTES
183,2439,ARTEFACTS
184,1342,MYELOCYTES
185,2303,ERYTHROBLASTES
186,2070,LYMPHOCYTES
187,1867,NEUTROPHILES
188,2612,ERYTHROBLASTES
189,2535,ERYTHROBLASTES
190,2538,ERYTHROBLASTES
191,1942,ERYTHROBLASTES
192,2626,ERYTHROBLASTES
193,1545,ARTEFACTS
194,2409,ERYTHROBLASTES
195,3034,ERYTHROBLASTES
196,3057,BLASTES
197,2788,ERYTHROBLASTES
198,1423,ERYTHROBLASTES
199,2065,ERYTHROBLASTES
200,1799,ERYTHROBLASTES
201,1563,ERYTHROBLASTES
202,2345,NEUTROPHILES
203,1676,ERYTHROBLASTES
204,3036,ERYTHROBLASTES
205,1454,ERYTHROBLASTES
206,2511,ERYTHROBLASTES
207,1829,ERYTHROBLASTES
208,1293,ERYTHROBLASTES
209,2382,ERYTHROBLASTES
210,1441,ERYTHROBLASTES
211,1540,LYMPHOCYTES
212,2748,ERYTHROBLASTES
213,1907,ERYTHROBLASTES
214,1213,NEUTROPHILES
215,2883,ERYTHROBLASTES
216,1226,MONOCYTES
217,2022,NEUTROPHILES
218,2282,ERYTHROBLASTES
219,3052,ERYTHROBLASTES
220,3016,ERYTHROBLASTES
221,3006,ERYTHROBLASTES
222,2836,ERYTHROBLASTES
223,2013,ERYTHROBLASTES
224,1982,ERYTHROBLASTES
225,3116,ARTEFACTS
226,2216,ERYTHROBLASTES
227,1806,ERYTHROBLASTES
228,1791,ERYTHROBLASTES
229,2237,MONOCYTES
230,2175,ERYTHROBLASTES
231,2039,NEUTROPHILES
232,2575,ERYTHROBLASTES
233,2877,ARTEFACTS
234,2364,ERYTHROBLASTES
235,2186,ERYTHROBLASTES
236,1636,NEUTROPHILES
237,1612,ERYTHROBLASTES
238,1565,ERYTHROBLASTES
239,2256,ERYTHROBLASTES
240,1654,MONOCYTES
241,2242,ERYTHROBLASTES
242,2606,ERYTHROBLASTES
243,2915,ERYTHROBLASTES
244,1929,MYELOCYTES
245,2445,ARTEFACTS
246,2830,LYMPHOCYTES
247,2091,LYMPHOCYTES
248,1294,ERYTHROBLASTES
249,2106,ERYTHROBLASTES
250,3100,ARTEFACTS
251,2539,ERYTHROBLASTES
252,1382,LYMPHOCYTES
253,1376,ERYTHROBLASTES
254,2885,LYMPHOCYTES
255,2232,ERYTHROBLASTES
256,1808,MONOCYTES
257,3075,ERYTHROBLASTES
258,1274,ERYTHROBLASTES
259,1229,ERYTHROBLASTES
260,1648,ERYTHROBLASTES
261,1253,ERYTHROBLASTES
262,1249,NEUTROPHILES
263,2387,ERYTHROBLASTES
264,2592,NEUTROPHILES
265,2087,ERYTHROBLASTES
266,2270,ERYTHROBLASTES
267,1598,ERYTHROBLASTES
268,3123,ERYTHROBLASTES
269,2715,ERYTHROBLASTES
270,2061,MONOCYTES
271,1658,ERYTHROBLASTES
272,1381,NEUTROPHILES
273,2553,ERYTHROBLASTES
274,2848,LYMPHOCYTES
275,1127,ERYTHROBLASTES
276,3135,ERYTHROBLASTES
277,2212,MONOCYTES
278,2529,NEUTROPHILES
279,2207,ERYTHROBLASTES
280,1861,ERYTHROBLASTES
281,2094,ERYTHROBLASTES
282,1482,ERYTHROBLASTES
283,1732,ERYTHROBLASTES
284,2559,LYMPHOCYTES
285,2423,MYELOCYTES
286,2693,ERYTHROBLASTES
287,1550,ERYTHROBLASTES
288,3046,ERYTHROBLASTES
289,1442,ERYTHROBLASTES
290,2526,NEUTROPHILES
291,1240,ERYTHROBLASTES
292,1566,ERYTHROBLASTES
293,1470,ERYTHROBLASTES
294,2021,NEUTROPHILES
295,2665,ERYTHROBLASTES
296,2330,MONOCYTES
297,2712,ERYTHROBLASTES
298,2543,NEUTROPHILES
299,2281,MONOCYTES
300,3097,NEUTROPHILES
301,2952,ERYTHROBLASTES
302,1945,ERYTHROBLASTES
303,2401,ERYTHROBLASTES
304,1885,NEUTROPHILES
305,2296,ERYTHROBLASTES
306,2847,ERYTHROBLASTES
307,1645,ARTEFACTS
308,2547,ERYTHROBLASTES
309,2920,ERYTHROBLASTES
310,2609,MONOCYTES
311,3136,ERYTHROBLASTES
312,2615,ERYTHROBLASTES
313,2379,LYMPHOCYTES
314,2145,NEUTROPHILES
315,2229,MONOCYTES
316,1889,NEUTROPHILES
317,1870,ERYTHROBLASTES
318,2046,ERYTHROBLASTES
319,2268,ERYTHROBLASTES
320,2960,ERYTHROBLASTES
321,2513,MONOCYTES
322,3022,ERYTHROBLASTES
323,2286,ERYTHROBLASTES
324,3127,MONOCYTES
325,1554,NEUTROPHILES
326,1192,ERYTHROBLASTES
327,2889,MONOCYTES
328,1438,MONOCYTES
329,2953,ERYTHROBLASTES
330,2959,ARTEFACTS
331,1898,ERYTHROBLASTES
332,2713,ERYTHROBLASTES
333,1705,ARTEFACTS
334,1680,ERYTHROBLASTES
335,2321,ARTEFACTS
336,2911,ERYTHROBLASTES
337,1980,ERYTHROBLASTES
338,2795,ERYTHROBLASTES
339,1510,MYELOCYTES
340,1201,ERYTHROBLASTES
341,2688,ERYTHROBLASTES
342,2469,NEUTROPHILES
343,1295,MONOCYTES
344,1461,ERYTHROBLASTES
345,2136,ERYTHROBLASTES
346,1500,ERYTHROBLASTES
347,2408,MONOCYTES
348,1296,ERYTHROBLASTES
349,1436,ERYTHROBLASTES
350,2744,NEUTROPHILES
351,3054,LYMPHOCYTES
352,2120,ERYTHROBLASTES
353,2807,LYMPHOCYTES
354,2440,ERYTHROBLASTES
355,1505,ERYTHROBLASTES
356,2978,ERYTHROBLASTES
357,1259,ARTEFACTS
358,1894,ERYTHROBLASTES
359,2328,LYMPHOCYTES
360,1333,LYMPHOCYTES
361,2407,ARTEFACTS
362,2056,LYMPHOCYTES
363,2246,ERYTHROBLASTES
364,1913,ERYTHROBLASTES
365,1556,ERYTHROBLASTES
366,2642,ERYTHROBLASTES
367,2018,NEUTROPHILES
368,1325,ERYTHROBLASTES
369,2325,ERYTHROBLASTES
370,2993,LYMPHOCYTES
371,2169,ERYTHROBLASTES
372,1422,ERYTHROBLASTES
373,1242,ERYTHROBLASTES
374,1136,BLASTES
375,1174,MONOCYTES
376,1976,NEUTROPHILES
377,2182,ERYTHROBLASTES
378,1855,ARTEFACTS
379,2602,ERYTHROBLASTES
380,1721,ERYTHROBLASTES
381,2946,LYMPHOCYTES
382,2595,ERYTHROBLASTES
383,1334,ERYTHROBLASTES
384,2331,ARTEFACTS
385,2478,ERYTHROBLASTES
386,2888,ERYTHROBLASTES
387,2533,ERYTHROBLASTES
388,2523,ERYTHROBLASTES
389,1283,ERYTHROBLASTES
390,3089,ERYTHROBLASTES
391,2420,ERYTHROBLASTES
392,3087,ERYTHROBLASTES
393,2673,ERYTHROBLASTES
394,2369,ERYTHROBLASTES
395,2527,MONOCYTES
396,2766,ERYTHROBLASTES
397,2255,MONOCYTES
398,3139,ERYTHROBLASTES
399,2976,ERYTHROBLASTES
400,2115,ERYTHROBLASTES
401,2682,ERYTHROBLASTES
402,1900,MONOCYTES
403,2164,ERYTHROBLASTES
404,1765,ERYTHROBLASTES
405,2031,ERYTHROBLASTES
406,1349,ERYTHROBLASTES
407,2072,ERYTHROBLASTES
408,2738,MONOCYTES
409,2437,ERYTHROBLASTES
410,3085,NEUTROPHILES
411,1941,ERYTHROBLASTES
412,2340,LYMPHOCYTES
413,2819,ERYTHROBLASTES
414,1245,ERYTHROBLASTES
415,2346,ERYTHROBLASTES
416,3107,ARTEFACTS
417,1531,ERYTHROBLASTES
418,1764,MONOCYTES
419,2698,ARTEFACTS
420,2650,NEUTROPHILES
421,1627,NEUTROPHILES
422,1951,ERYTHROBLASTES
423,2383,ERYTHROBLASTES
424,1833,ERYTHROBLASTES
425,1169,ERYTHROBLASTES
426,1263,LYMPHOCYTES
427,2285,ARTEFACTS
428,3082,ERYTHROBLASTES
429,1902,LYMPHOCYTES
430,2926,NEUTROPHILES
431,1789,ERYTHROBLASTES
432,2986,ERYTHROBLASTES
433,1305,MONOCYTES
434,2489,NEUTROPHILES
435,1825,ERYTHROBLASTES
436,1401,ERYTHROBLASTES
437,1157,ERYTHROBLASTES
438,2259,MONOCYTES
439,2017,MONOCYTES
440,2781,ERYTHROBLASTES
441,1151,ERYTHROBLASTES
442,1336,ERYTHROBLASTES
443,3111,LYMPHOCYTES
444,1715,ERYTHROBLASTES
445,3130,ERYTHROBLASTES
446,1539,LYMPHOCYTES
447,2828,MONOCYTES
448,2002,ERYTHROBLASTES
449,2572,ERYTHROBLASTES
450,1852,ERYTHROBLASTES
451,1960,ERYTHROBLASTES
452,1289,ERYTHROBLASTES
453,1743,MONOCYTES
454,1754,ERYTHROBLASTES
455,2657,ERYTHROBLASTES
456,1793,ERYTHROBLASTES
457,2971,NEUTROPHILES
458,2759,ERYTHROBLASTES
459,1592,ERYTHROBLASTES
460,2939,LYMPHOCYTES
461,1456,NEUTROPHILES
462,2979,ERYTHROBLASTES
463,1125,LYMPHOCYTES
464,1139,ARTEFACTS
465,2546,ERYTHROBLASTES
466,1701,ERYTHROBLASTES
467,1497,ERYTHROBLASTES
468,1484,ERYTHROBLASTES
469,2927,ERYTHROBLASTES
470,2059,ERYTHROBLASTES
471,2638,ERYTHROBLASTES
472,2838,MONOCYTES
473,2077,ARTEFACTS
474,2701,ERYTHROBLASTES
475,3031,NEUTROPHILES
476,2974,ERYTHROBLASTES
477,1607,LYMPHOCYTES
478,2778,ERYTHROBLASTES
479,2421,ERYTHROBLASTES
480,2064,ERYTHROBLASTES
481,2102,ERYTHROBLASTES
482,2862,ERYTHROBLASTES
483,3042,ERYTHROBLASTES
484,1953,ERYTHROBLASTES
485,2461,NEUTROPHILES
486,2818,ERYTHROBLASTES
487,1257,ERYTHROBLASTES
488,1172,MONOCYTES
489,1729,LYMPHOCYTES
490,2406,ERYTHROBLASTES
491,2168,ERYTHROBLASTES
492,2176,LYMPHOCYTES
493,2536,LYMPHOCYTES
494,2672,MONOCYTES
495,2195,ERYTHROBLASTES
496,2856,LYMPHOCYTES
497,1858,ERYTHROBLASTES
498,2659,ERYTHROBLASTES
499,2597,LYMPHOCYTES
500,2302,ARTEFACTS
501,3090,NEUTROPHILES
502,1667,ERYTHROBLASTES
503,2148,MONOCYTES
504,2318,ERYTHROBLASTES
505,1839,ERYTHROBLASTES
506,2764,NEUTROPHILES
507,2293,ERYTHROBLASTES
508,2043,LYMPHOCYTES
509,2769,ERYTHROBLASTES
510,2348,LYMPHOCYTES
511,1290,ERYTHROBLASTES
512,2413,LYMPHOCYTES
513,1499,ERYTHROBLASTES
514,3079,MYELOCYTES
515,2319,NEUTROPHILES
516,2275,ARTEFACTS
517,2419,ERYTHROBLASTES
518,2636,ERYTHROBLASTES
519,1933,ERYTHROBLASTES
520,1711,ERYTHROBLASTES
521,2876,ARTEFACTS
522,1181,ERYTHROBLASTES
523,2691,NEUTROPHILES
524,1746,ERYTHROBLASTES
525,1630,NEUTROPHILES
526,1448,MONOCYTES
527,3137,LYMPHOCYTES
528,3104,ERYTHROBLASTES
529,2841,ERYTHROBLASTES
530,1594,LYMPHOCYTES
531,3033,ERYTHROBLASTES
532,2516,ERYTHROBLASTES
533,2426,LYMPHOCYTES
534,1763,ERYTHROBLASTES
535,1716,ERYTHROBLASTES
536,3078,ERYTHROBLASTES
537,1459,ERYTHROBLASTES
538,2868,LYMPHOCYTES
539,1586,ERYTHROBLASTES
540,3039,NEUTROPHILES
541,2879,ERYTHROBLASTES
542,2541,NEUTROPHILES
543,2305,ERYTHROBLASTES
544,1988,ERYTHROBLASTES
545,2156,ERYTHROBLASTES
546,2793,ERYTHROBLASTES
547,1365,ERYTHROBLASTES
548,2096,LYMPHOCYTES
549,1650,MONOCYTES
550,1604,ERYTHROBLASTES
551,2852,MONOCYTES
552,3071,ERYTHROBLASTES
553,2884,LYMPHOCYTES
554,2510,ERYTHROBLASTES
555,1425,ERYTHROBLASTES
556,1847,ERYTHROBLASTES
557,2955,MONOCYTES
558,1600,ERYTHROBLASTES
559,2479,ERYTHROBLASTES
560,2049,ERYTHROBLASTES
561,1403,MONOCYTES
562,1567,NEUTROPHILES
563,2354,LYMPHOCYTES
564,3067,ERYTHROBLASTES
565,1652,ERYTHROBLASTES
566,2289,ERYTHROBLASTES
567,2472,LYMPHOCYTES
568,2855,LYMPHOCYTES
569,2205,BLASTES
570,2730,ERYTHROBLASTES
571,2030,ERYTHROBLASTES
572,2702,ERYTHROBLASTES
573,3101,LYMPHOCYTES
574,1395,ERYTHROBLASTES
575,2929,ERYTHROBLASTES
576,2477,ERYTHROBLASTES
577,1615,ERYTHROBLASTES
578,2309,ERYTHROBLASTES
579,2736,MONOCYTES
580,1548,ERYTHROBLASTES
581,3080,ERYTHROBLASTES
582,1673,ERYTHROBLASTES
583,2365,ERYTHROBLASTES
584,2890,ERYTHROBLASTES
585,1895,ERYTHROBLASTES
586,1411,ERYTHROBLASTES
587,2134,LYMPHOCYTES
588,1286,MONOCYTES
589,2279,MYELOCYTES
590,2460,ERYTHROBLASTES
591,1936,ERYTHROBLASTES
592,2567,LYMPHOCYTES
593,1816,LYMPHOCYTES
594,2540,ERYTHROBLASTES
595,1285,NEUTROPHILES
596,1911,ERYTHROBLASTES
597,2099,ERYTHROBLASTES
598,2310,ERYTHROBLASTES
599,2361,ERYTHROBLASTES
600,2857,ERYTHROBLASTES
601,1209,ERYTHROBLASTES
602,1589,ERYTHROBLASTES
603,1826,ERYTHROBLASTES
604,2129,ARTEFACTS
605,2417,NEUTROPHILES
606,2041,NEUTROPHILES
607,2522,ERYTHROBLASTES
608,1260,NEUTROPHILES
609,3021,MONOCYTES
610,3062,ERYTHROBLASTES
611,1578,LYMPHOCYTES
612,1560,ERYTHROBLASTES
613,1129,ERYTHROBLASTES
614,1400,ERYTHROBLASTES
615,3099,ERYTHROBLASTES
616,1137,ERYTHROBLASTES
617,2495,LYMPHOCYTES
618,2724,ERYTHROBLASTES
619,2521,NEUTROPHILES
620,2792,ERYTHROBLASTES
621,2907,ERYTHROBLASTES
622,2193,ERYTHROBLASTES
623,2474,LYMPHOCYTES
624,2867,ERYTHROBLASTES
625,2826,ERYTHROBLASTES
626,1723,ERYTHROBLASTES
627,2317,ARTEFACTS
628,3093,ERYTHROBLASTES
629,1432,NEUTROPHILES
630,2831,ERYTHROBLASTES
631,2080,ERYTHROBLASTES
632,2757,ARTEFACTS
633,2984,ERYTHROBLASTES
634,2374,ARTEFACTS
635,1298,ERYTHROBLASTES
636,2784,ERYTHROBLASTES
637,2909,ERYTHROBLASTES
638,2729,NEUTROPHILES
639,2504,ERYTHROBLASTES
640,2550,ERYTHROBLASTES
641,1417,ARTEFACTS
642,1697,ERYTHROBLASTES
643,1385,ERYTHROBLASTES
644,2649,ERYTHROBLASTES
645,2484,ERYTHROBLASTES
646,1647,ERYTHROBLASTES
647,1948,ARTEFACTS
648,1738,ERYTHROBLASTES
649,1800,ERYTHROBLASTES
650,2393,LYMPHOCYTES
651,2113,ERYTHROBLASTES
652,2443,MONOCYTES
653,2774,NEUTROPHILES
654,2111,ERYTHROBLASTES
655,3020,LYMPHOCYTES
656,2571,ERYTHROBLASTES
657,2997,ERYTHROBLASTES
658,1888,MONOCYTES
659,2085,ERYTHROBLASTES
660,2020,ERYTHROBLASTES
661,2666,ARTEFACTS
662,2048,ERYTHROBLASTES
663,2034,ERYTHROBLASTES
664,1498,ARTEFACTS
665,1992,ERYTHROBLASTES
666,2860,ERYTHROBLASTES
667,1357,ERYTHROBLASTES
668,1871,LYMPHOCYTES
669,1410,ERYTHROBLASTES
670,2244,ERYTHROBLASTES
671,2180,ERYTHROBLASTES
672,2155,LYMPHOCYTES
673,2103,ARTEFACTS
674,2689,LYMPHOCYTES
675,1995,NEUTROPHILES
676,2252,NEUTROPHILES
677,1215,ERYTHROBLASTES
678,2970,ERYTHROBLASTES
679,2902,MONOCYTES
680,2174,ERYTHROBLASTES
681,1691,MONOCYTES
682,1588,ERYTHROBLASTES
683,2797,ERYTHROBLASTES
684,1164,ARTEFACTS
685,1153,LYMPHOCYTES
686,1876,ERYTHROBLASTES
687,2707,ERYTHROBLASTES
688,1368,ERYTHROBLASTES
689,2009,ERYTHROBLASTES
690,2008,MONOCYTES
691,2191,ERYTHROBLASTES
692,2545,ERYTHROBLASTES
693,2800,ERYTHROBLASTES
694,2388,ERYTHROBLASTES
695,2772,ERYTHROBLASTES
696,1973,ERYTHROBLASTES
697,3023,ERYTHROBLASTES
698,2248,NEUTROPHILES
699,1661,MONOCYTES
700,1856,NEUTROPHILES
701,1225,ERYTHROBLASTES
702,2088,LYMPHOCYTES
703,1473,LYMPHOCYTES
704,1910,ERYTHROBLASTES
705,1191,LYMPHOCYTES
706,1875,NEUTROPHILES
707,2648,ERYTHROBLASTES
708,2796,ERYTHROBLASTES
709,2307,MONOCYTES
710,1175,ERYTHROBLASTES
711,2076,ERYTHROBLASTES
712,2760,NEUTROPHILES
713,1887,ERYTHROBLASTES
714,2651,ERYTHROBLASTES
715,1402,MONOCYTES
716,1814,ERYTHROBLASTES
717,3088,ERYTHROBLASTES
718,2142,ERYTHROBLASTES
719,3081,ERYTHROBLASTES
720,2100,ERYTHROBLASTES
721,1959,ERYTHROBLASTES
722,1320,ERYTHROBLASTES
723,2143,ERYTHROBLASTES
724,1836,BLASTES
725,1275,ERYTHROBLASTES
726,2141,ERYTHROBLASTES
727,1823,ARTEFACTS
728,2618,MYELOCYTES
729,2789,ERYTHROBLASTES
730,1582,BLASTES
731,2621,ERYTHROBLASTES
732,1608,MONOCYTES
733,2919,ERYTHROBLASTES
734,3001,ERYTHROBLASTES
735,1415,ERYTHROBLASTES
736,3061,ERYTHROBLASTES
737,1584,ERYTHROBLASTES
738,1124,ERYTHROBLASTES
739,2291,MYELOCYTES
740,1919,ERYTHROBLASTES
741,2977,ERYTHROBLASTES
742,3109,ERYTHROBLASTES
743,2394,ERYTHROBLASTES
744,2858,ARTEFACTS
745,2509,MONOCYTES
746,2992,ERYTHROBLASTES
747,1655,ERYTHROBLASTES
748,2998,MONOCYTES
749,1642,NEUTROPHILES
750,1865,LYMPHOCYTES
751,1321,ERYTHROBLASTES
752,2912,MONOCYTES
753,2910,ARTEFACTS
754,1553,ERYTHROBLASTES
755,2556,ERYTHROBLASTES
756,3047,ERYTHROBLASTES
757,2068,ERYTHROBLASTES
758,1694,MONOCYTES
759,2944,ERYTHROBLASTES
760,1822,ERYTHROBLASTES
761,2376,ERYTHROBLASTES
762,2683,LYMPHOCYTES
763,1160,ERYTHROBLASTES
764,2378,ERYTHROBLASTES
765,2128,ERYTHROBLASTES
766,1962,ERYTHROBLASTES
767,1781,ERYTHROBLASTES
768,1379,ERYTHROBLASTES
769,2083,ERYTHROBLASTES
770,1914,ERYTHROBLASTES
771,1206,ERYTHROBLASTES
772,1319,ERYTHROBLASTES
773,1494,ERYTHROBLASTES
774,2808,ERYTHROBLASTES
775,1300,ERYTHROBLASTES
776,1632,ERYTHROBLASTES
777,1925,ERYTHROBLASTES
778,1324,ARTEFACTS
779,1881,ERYTHROBLASTES
780,2653,ERYTHROBLASTES
781,1313,ERYTHROBLASTES
782,1532,ERYTHROBLASTES
783,2770,MONOCYTES
784,1341,MONOCYTES
785,1669,LYMPHOCYTES
786,2968,ERYTHROBLASTES
787,1957,ERYTHROBLASTES
788,1362,ERYTHROBLASTES
789,1675,ARTEFACTS
790,2869,ARTEFACTS
791,1739,ERYTHROBLASTES
792,2686,ERYTHROBLASTES
793,1624,ERYTHROBLASTES
794,2823,ERYTHROBLASTES
795,1846,ERYTHROBLASTES
796,1921,ERYTHROBLASTES
797,1378,LYMPHOCYTES
798,1343,MYELOCYTES
799,1780,ERYTHROBLASTES
800,2410,ERYTHROBLASTES
801,1264,NEUTROPHILES
802,3108,ERYTHROBLASTES
803,2026,ERYTHROBLASTES
804,2990,ERYTHROBLASTES
805,1576,ERYTHROBLASTES
806,1162,ERYTHROBLASTES
807,2805,ERYTHROBLASTES
808,1218,ERYTHROBLASTES
809,1803,NEUTROPHILES
810,2549,LYMPHOCYTES
811,1845,LYMPHOCYTES
812,1508,ERYTHROBLASTES
813,1197,NEUTROPHILES
814,1388,ERYTHROBLASTES
815,2905,ERYTHROBLASTES
816,1718,ERYTHROBLASTES
817,1577,ARTEFACTS
818,2481,ERYTHROBLASTES
819,1750,ERYTHROBLASTES
820,1541,ERYTHROBLASTES
821,1830,ERYTHROBLASTES
822,1367,ERYTHROBLASTES
823,1366,ERYTHROBLASTES
824,1864,LYMPHOCYTES
825,2367,NEUTROPHILES
826,1994,ERYTHROBLASTES
827,2551,LYMPHOCYTES
828,3118,ARTEFACTS
829,2188,ERYTHROBLASTES
830,1832,ERYTHROBLASTES
831,1179,ERYTHROBLASTES
832,1940,MONOCYTES
833,1758,NEUTROPHILES
834,2710,ERYTHROBLASTES
835,2375,ERYTHROBLASTES
836,2075,ERYTHROBLASTES
837,1399,ERYTHROBLASTES
838,2844,MONOCYTES
839,2050,NEUTROPHILES
840,2314,MONOCYTES
841,1970,ARTEFACTS
842,2185,NEUTROPHILES
843,1707,ERYTHROBLASTES
844,2189,ERYTHROBLASTES
845,1747,ERYTHROBLASTES
846,2222,ERYTHROBLASTES
847,2350,ERYTHROBLASTES
848,2166,ERYTHROBLASTES
849,2150,NEUTROPHILES
850,1165,MONOCYTES
851,1700,ERYTHROBLASTES
852,2312,MONOCYTES
853,1821,LYMPHOCYTES
854,2135,MONOCYTES
855,1434,ERYTHROBLASTES
856,1352,ERYTHROBLASTES
857,1979,ERYTHROBLASTES
858,1784,ERYTHROBLASTES
859,1496,ERYTHROBLASTES
860,2344,ERYTHROBLASTES
861,1778,ERYTHROBLASTES
862,2816,BLASTES
863,2360,LYMPHOCYTES
864,1706,ERYTHROBLASTES
865,1138,ERYTHROBLASTES
866,1897,ARTEFACTS
867,1504,NEUTROPHILES
868,2149,ERYTHROBLASTES
869,3038,ERYTHROBLASTES
870,1140,ERYTHROBLASTES
871,1719,MONOCYTES
872,1947,ERYTHROBLASTES
873,2459,NEUTROPHILES
874,2608,ERYTHROBLASTES
875,1375,ERYTHROBLASTES
876,3072,NEUTROPHILES
877,2045,ERYTHROBLASTES
878,2038,ERYTHROBLASTES
879,1308,ERYTHROBLASTES
880,2775,BLASTES
881,1997,ERYTHROBLASTES
882,2221,ERYTHROBLASTES
883,2893,MONOCYTES
884,2338,NEUTROPHILES
885,1708,ERYTHROBLASTES
886,2949,NEUTROPHILES
887,1770,LYMPHOCYTES
888,2105,LYMPHOCYTES
889,2044,ERYTHROBLASTES
890,1920,ERYTHROBLASTES
891,1643,ERYTHROBLASTES
892,1795,ARTEFACTS
893,1373,MONOCYTES
894,1304,ARTEFACTS
895,1748,ERYTHROBLASTES
896,1557,NEUTROPHILES
897,2109,ERYTHROBLASTES
898,2607,LYMPHOCYTES
899,2761,ERYTHROBLASTES
900,1880,NEUTROPHILES
901,1128,NEUTROPHILES
902,1159,ERYTHROBLASTES
903,2356,NEUTROPHILES
904,2647,NEUTROPHILES
905,1874,LYMPHOCYTES
906,1886,ERYTHROBLASTES
907,1775,NEUTROPHILES
908,2690,ARTEFACTS
909,2963,ERYTHROBLASTES
910,2147,MONOCYTES
911,2152,ERYTHROBLASTES
912,1266,NEUTROPHILES
913,1444,ERYTHROBLASTES
914,1827,LYMPHOCYTES
915,1126,ERYTHROBLASTES
916,1611,ERYTHROBLASTES
917,1786,ERYTHROBLASTES
918,2223,LYMPHOCYTES
919,2488,NEUTROPHILES
920,2872,NEUTROPHILES
921,3032,MONOCYTES
922,1214,ERYTHROBLASTES
923,2133,ERYTHROBLASTES
924,1369,LYMPHOCYTES
925,1640,ERYTHROBLASTES
926,2108,LYMPHOCYTES
927,2845,ERYTHROBLASTES
928,2269,LYMPHOCYTES
929,2861,ERYTHROBLASTES
930,1842,LYMPHOCYTES
931,2494,ERYTHROBLASTES
932,2320,LYMPHOCYTES
933,1142,LYMPHOCYTES
934,2218,ERYTHROBLASTES
935,2427,ERYTHROBLASTES
936,3102,ERYTHROBLASTES
937,1679,ARTEFACTS
938,1503,ERYTHROBLASTES
939,2258,ERYTHROBLASTES
940,2967,ERYTHROBLASTES
941,2090,ARTEFACTS
942,1344,ARTEFACTS
943,3106,ERYTHROBLASTES
944,1625,ERYTHROBLASTES
945,2918,ERYTHROBLASTES
946,2851,MONOCYTES
947,1502,ERYTHROBLASTES
948,2956,LYMPHOCYTES
949,1327,ERYTHROBLASTES
950,2752,ERYTHROBLASTES
951,1818,ERYTHROBLASTES
952,1978,ERYTHROBLASTES
953,2619,BLASTES
954,1986,ERYTHROBLASTES
955,1360,ERYTHROBLASTES
956,2887,NEUTROPHILES
957,2975,ERYTHROBLASTES
958,1481,ERYTHROBLASTES
959,1514,ERYTHROBLASTES
960,2750,MYELOCYTES
961,2605,ERYTHROBLASTES
962,2765,NEUTROPHILES
963,3015,ERYTHROBLASTES
964,2853,LYMPHOCYTES
965,2457,ERYTHROBLASTES
966,1693,BLASTES
967,1571,ERYTHROBLASTES
968,2573,ERYTHROBLASTES
969,1989,ERYTHROBLASTES
970,2181,NEUTROPHILES
971,1490,ERYTHROBLASTES
972,2428,ERYTHROBLASTES
973,2007,LYMPHOCYTES
974,2257,ERYTHROBLASTES
975,2895,NEUTROPHILES
976,2696,NEUTROPHILES
977,1810,ERYTHROBLASTES
978,1312,ERYTHROBLASTES
979,1326,ERYTHROBLASTES
980,1350,MONOCYTES
981,2801,ERYTHROBLASTES
982,2726,ARTEFACTS
983,2786,NEUTROPHILES
984,3070,LYMPHOCYTES
985,2917,ARTEFACTS
986,2199,ERYTHROBLASTES
987,2101,ERYTHROBLASTES
988,3126,MONOCYTES
989,1878,ERYTHROBLASTES
990,3122,MONOCYTES
991,1866,MONOCYTES
992,2231,ERYTHROBLASTES
993,1258,BLASTES
994,1768,BLASTES
995,1207,ERYTHROBLASTES
996,1182,ERYTHROBLASTES
997,1689,BLASTES
998,2598,ERYTHROBLASTES
999,1371,ERYTHROBLASTES
1000,1487,ERYTHROBLASTES
1001,2300,ERYTHROBLASTES
1002,1323,ERYTHROBLASTES
1003,2228,ERYTHROBLASTES
1004,2942,ERYTHROBLASTES
1005,1380,ARTEFACTS
1006,1238,MONOCYTES
1007,1515,ERYTHROBLASTES
1008,2456,ERYTHROBLASTES
1009,1329,ERYTHROBLASTES
1010,2432,ERYTHROBLASTES
1011,2790,ERYTHROBLASTES
1012,2700,ERYTHROBLASTES
1013,2025,ERYTHROBLASTES
1014,1757,ERYTHROBLASTES
1015,1776,ERYTHROBLASTES
1016,2304,ERYTHROBLASTES
1017,1203,ERYTHROBLASTES
1018,2676,ERYTHROBLASTES
1019,3119,LYMPHOCYTES
1020,2763,ERYTHROBLASTES
1021,2498,ERYTHROBLASTES
1022,2377,LYMPHOCYTES
1023,1219,NEUTROPHILES
1024,1637,ERYTHROBLASTES
1025,2734,ARTEFACTS
1026,1486,ERYTHROBLASTES
1027,1798,ERYTHROBLASTES
1028,1302,ERYTHROBLASTES
1029,2057,ERYTHROBLASTES
1030,1483,LYMPHOCYTES
1031,2385,MONOCYTES
1032,2154,ERYTHROBLASTES
1033,2326,ERYTHROBLASTES
1034,2873,ERYTHROBLASTES
1035,2745,ERYTHROBLASTES
1036,2585,MYELOCYTES
1037,1248,LYMPHOCYTES
1038,2452,ERYTHROBLASTES
1039,2804,ERYTHROBLASTES
1040,2680,ERYTHROBLASTES
1041,1849,ERYTHROBLASTES
1042,2037,LYMPHOCYTES
1043,1908,LYMPHOCYTES
1044,1549,NEUTROPHILES
1045,2225,NEUTROPHILES
1046,1644,ERYTHROBLASTES
1047,1811,ERYTHROBLASTES
1048,2506,ERYTHROBLASTES
1049,2755,ERYTHROBLASTES
1050,2633,ERYTHROBLASTES
1051,1745,NEUTROPHILES
1052,2370,ERYTHROBLASTES
1053,1538,ERYTHROBLASTES
1054,1416,ERYTHROBLASTES
1055,1877,ARTEFACTS
1056,2184,ERYTHROBLASTES
1057,2821,ERYTHROBLASTES
1058,1717,ERYTHROBLASTES
1059,1924,ERYTHROBLASTES
1060,1358,LYMPHOCYTES
1061,1742,ERYTHROBLASTES
1062,1235,NEUTROPHILES
1063,2664,LYMPHOCYTES
1064,1189,ERYTHROBLASTES
1065,2574,ERYTHROBLASTES
1066,2297,LYMPHOCYTES
1067,1735,ERYTHROBLASTES
1068,1893,LYMPHOCYTES
1069,2033,ERYTHROBLASTES
1070,1797,MONOCYTES
1071,3064,ERYTHROBLASTES
1072,3018,ERYTHROBLASTES
1073,2123,ERYTHROBLASTES
1074,1728,ERYTHROBLASTES
1075,2352,ERYTHROBLASTES
1076,1666,NEUTROPHILES
1077,1796,ERYTHROBLASTES
1078,1731,ERYTHROBLASTES
1079,2695,ERYTHROBLASTES
1080,2577,ERYTHROBLASTES
1081,2462,MYELOCYTES
1082,2204,ERYTHROBLASTES
1083,1485,ERYTHROBLASTES
1084,2733,NEUTROPHILES
1085,2471,NEUTROPHILES
1086,2081,ERYTHROBLASTES
1087,1906,ERYTHROBLASTES
1088,2617,MYELOCYTES
1089,2779,NEUTROPHILES
1090,1684,LYMPHOCYTES
1091,3063,MONOCYTES
1092,2308,ERYTHROBLASTES
1093,3027,ERYTHROBLASTES
1094,2593,LYMPHOCYTES
1095,2900,ERYTHROBLASTES
1096,2493,ERYTHROBLASTES
1097,2294,NEUTROPHILES
1098,1239,ERYTHROBLASTES
1099,1232,ERYTHROBLASTES
1100,1217,ERYTHROBLASTES
1101,2906,ERYTHROBLASTES
1102,1211,ERYTHROBLASTES
1103,3014,NEUTROPHILES
1104,2403,ERYTHROBLASTES
1105,2435,ERYTHROBLASTES
1106,1427,ARTEFACTS
1107,2727,ERYTHROBLASTES
1108,2130,MYELOCYTES
1109,2751,ERYTHROBLASTES
1110,1170,ERYTHROBLASTES
1111,2024,LYMPHOCYTES
1112,1148,ERYTHROBLASTES
1113,1790,ERYTHROBLASTES
1114,2557,ERYTHROBLASTES
1115,1152,ARTEFACTS
1116,2163,LYMPHOCYTES
1117,1147,ERYTHROBLASTES
1118,2913,ARTEFACTS
1119,1965,ERYTHROBLASTES
1120,1429,ERYTHROBLASTES
1121,1141,ERYTHROBLASTES
1122,2051,ERYTHROBLASTES
1123,2747,MONOCYTES
1124,2660,ERYTHROBLASTES
1125,1660,ARTEFACTS
1126,1210,ARTEFACTS
1127,2214,LYMPHOCYTES
1128,1439,ERYTHROBLASTES
1129,2397,ERYTHROBLASTES
1130,1335,ERYTHROBLASTES
1131,1928,LYMPHOCYTES
1132,2132,ERYTHROBLASTES
1133,1917,ERYTHROBLASTES
1134,2010,ARTEFACTS
1135,1605,LYMPHOCYTES
1136,1614,ERYTHROBLASTES
1137,1520,ERYTHROBLASTES
1138,1779,ERYTHROBLASTES
1139,2771,LYMPHOCYTES
1140,2240,LYMPHOCYTES
1141,1466,MONOCYTES
1142,3083,MONOCYTES
1143,2170,ERYTHROBLASTES
1144,1835,ERYTHROBLASTES
1145,1569,ERYTHROBLASTES
1146,3134,ERYTHROBLASTES
1147,1187,ERYTHROBLASTES
1148,1299,ERYTHROBLASTES
1149,2996,ERYTHROBLASTES
1150,2384,ERYTHROBLASTES
1151,1534,MYELOCYTES
1152,2284,ERYTHROBLASTES
1153,2485,ARTEFACTS
1154,2334,ERYTHROBLASTES
1155,1939,ERYTHROBLASTES
1156,2880,ERYTHROBLASTES
1157,1544,ERYTHROBLASTES
1158,2233,LYMPHOCYTES
1159,2476,ERYTHROBLASTES
1160,2071,MONOCYTES
1161,1851,ERYTHROBLASTES
1162,2028,ERYTHROBLASTES
1163,1749,ERYTHROBLASTES
1164,1521,ERYTHROBLASTES
1165,1634,ERYTHROBLASTES
1166,2502,NEUTROPHILES
1167,2731,ERYTHROBLASTES
1168,2716,ERYTHROBLASTES
1169,1477,ERYTHROBLASTES
1170,1479,NEUTROPHILES
1171,2313,ERYTHROBLASTES
1172,2497,LYMPHOCYTES
1173,1450,NEUTROPHILES
1174,2943,ERYTHROBLASTES
1175,2632,BLASTES
1176,2721,ERYTHROBLASTES
1177,1467,ERYTHROBLASTES
1178,2448,ERYTHROBLASTES
1179,2124,LYMPHOCYTES
1180,3002,ERYTHROBLASTES
1181,1277,MONOCYTES
1182,2245,ERYTHROBLASTES
1183,2687,NEUTROPHILES
1184,2519,MONOCYTES
1185,2532,ARTEFACTS
1186,2468,ERYTHROBLASTES
1187,2994,ERYTHROBLASTES
1188,1552,ERYTHROBLASTES
1189,2198,ERYTHROBLASTES
1190,2480,ERYTHROBLASTES
1191,1862,MYELOCYTES
1192,2892,ERYTHROBLASTES
1193,1772,LYMPHOCYTES
1194,1394,ERYTHROBLASTES
1195,1985,ERYTHROBLASTES
1196,1620,ERYTHROBLASTES
1197,1783,ERYTHROBLASTES
1198,1659,LYMPHOCYTES
1199,2514,ERYTHROBLASTES
1200,2948,ERYTHROBLASTES
1201,2954,LYMPHOCYTES
1202,2126,ERYTHROBLASTES
1203,2192,ERYTHROBLASTES
1204,2422,ERYTHROBLASTES
1205,1254,ERYTHROBLASTES
1206,2267,ERYTHROBLASTES
1207,1663,MYELOCYTES
1208,3000,ERYTHROBLASTES
1209,2442,ERYTHROBLASTES
1210,2637,LYMPHOCYTES
1211,2981,ERYTHROBLASTES
1212,2894,ARTEFACTS
1213,2501,ERYTHROBLASTES
1214,2241,LYMPHOCYTES
1215,2441,ERYTHROBLASTES
1216,2936,MONOCYTES
1217,1491,ERYTHROBLASTES
1218,2629,MONOCYTES
1219,2398,NEUTROPHILES
1220,2685,ERYTHROBLASTES
1221,1686,ERYTHROBLASTES
1222,2718,BLASTES
1223,2635,ERYTHROBLASTES
1224,2590,BLASTES
1225,2322,LYMPHOCYTES
1226,2107,ERYTHROBLASTES
1227,3058,ERYTHROBLASTES
1228,2839,ERYTHROBLASTES
1229,1155,ARTEFACTS
1230,1193,LYMPHOCYTES
1231,2012,MONOCYTES
1232,3131,ERYTHROBLASTES
1233,2825,ERYTHROBLASTES
1234,2840,ARTEFACTS
1235,1418,ERYTHROBLASTES
1236,1474,ERYTHROBLASTES
1237,1135,ARTEFACTS
1238,2674,NEUTROPHILES
1239,2837,ERYTHROBLASTES
1240,2699,NEUTROPHILES
1241,2295,NEUTROPHILES
1242,1687,ARTEFACTS
1243,1469,ERYTHROBLASTES
1244,2652,ERYTHROBLASTES
1245,1393,NEUTROPHILES
1246,1199,ARTEFACTS
1247,2023,LYMPHOCYTES
1248,1445,ERYTHROBLASTES
1249,1443,ERYTHROBLASTES
1250,3068,MONOCYTES
1251,1370,ERYTHROBLASTES
1252,1542,ERYTHROBLASTES
1253,2622,ERYTHROBLASTES
1254,2628,ERYTHROBLASTES
1255,1896,ERYTHROBLASTES
1256,2335,MONOCYTES
1257,2451,ERYTHROBLASTES
1258,1131,ERYTHROBLASTES
1259,1460,ERYTHROBLASTES
1260,2114,ARTEFACTS
1261,2827,ERYTHROBLASTES
1262,2756,ERYTHROBLASTES
1263,1568,ERYTHROBLASTES
1264,2165,ERYTHROBLASTES
1265,2197,LYMPHOCYTES
1266,2006,ERYTHROBLASTES
1267,2161,MONOCYTES
1268,1354,ERYTHROBLASTES
1269,1431,ERYTHROBLASTES
1270,2962,ERYTHROBLASTES
1271,2671,ERYTHROBLASTES
1272,1377,NEUTROPHILES
1273,1759,ERYTHROBLASTES
1274,1328,MONOCYTES
1275,3121,ERYTHROBLASTES
1276,3129,ERYTHROBLASTES
1277,1927,ERYTHROBLASTES
1278,2746,ERYTHROBLASTES
1279,2339,ARTEFACTS
1280,2643,ERYTHROBLASTES
1281,1938,LYMPHOCYTES
1282,2183,ERYTHROBLASTES
1283,2092,ERYTHROBLASTES
1284,2560,ERYTHROBLASTES
1285,1339,ERYTHROBLASTES
1286,1777,LYMPHOCYTES
1287,3124,ERYTHROBLASTES
1288,2930,BLASTES
1289,1968,ERYTHROBLASTES
1290,2414,ERYTHROBLASTES
1291,3094,ERYTHROBLASTES
1292,1430,BLASTES
1293,1922,ERYTHROBLASTES
1294,2342,ERYTHROBLASTES
1295,1476,ERYTHROBLASTES
1296,2211,ERYTHROBLASTES
1297,1463,ERYTHROBLASTES
1298,1596,ARTEFACTS
1299,2834,LYMPHOCYTES
1300,2776,ERYTHROBLASTES
1301,1208,ERYTHROBLASTES
1302,1671,ERYTHROBLASTES
1303,2603,MONOCYTES
1304,1812,MONOCYTES
1305,1488,ERYTHROBLASTES
1306,1704,LYMPHOCYTES
1307,1782,ERYTHROBLASTES
1308,1270,MONOCYTES
1309,1525,LYMPHOCYTES
1310,2897,ERYTHROBLASTES
1311,2425,ARTEFACTS
1312,2803,ERYTHROBLASTES
1313,2492,ERYTHROBLASTES
1314,1452,ERYTHROBLASTES
1315,2078,NEUTROPHILES
1316,2534,ARTEFACTS
1317,2640,LYMPHOCYTES
1318,1815,NEUTROPHILES
1319,1297,NEUTROPHILES
1320,1280,ERYTHROBLASTES
1321,2739,LYMPHOCYTES
1322,1363,ERYTHROBLASTES
1323,1475,ERYTHROBLASTES
1324,1513,MONOCYTES
1325,1909,ERYTHROBLASTES
1326,2470,ERYTHROBLASTES
1327,2433,LYMPHOCYTES
1328,3125,ERYTHROBLASTES
1329,2014,ERYTHROBLASTES
1330,2235,ERYTHROBLASTES
1331,3103,ERYTHROBLASTES
1332,2053,MONOCYTES
1333,2922,ERYTHROBLASTES
1334,2570,ERYTHROBLASTES
1335,2324,ERYTHROBLASTES
1336,1184,ERYTHROBLASTES
1337,1471,ERYTHROBLASTES
1338,1163,ERYTHROBLASTES
1339,1186,LYMPHOCYTES
1340,2813,ERYTHROBLASTES
1341,2273,LYMPHOCYTES
1342,2723,MONOCYTES
1343,1345,ERYTHROBLASTES
1344,2611,ERYTHROBLASTES
1345,3117,NEUTROPHILES
1346,1384,ERYTHROBLASTES
1347,2337,ERYTHROBLASTES
1348,2395,NEUTROPHILES
1349,1421,ERYTHROBLASTES
1350,2544,LYMPHOCYTES
1351,2931,NEUTROPHILES
1352,2568,ERYTHROBLASTES
1353,2950,ERYTHROBLASTES
1354,2854,ERYTHROBLASTES
1355,1971,ARTEFACTS
1356,2104,ERYTHROBLASTES
1357,2236,ERYTHROBLASTES
1358,1511,MONOCYTES
1359,2878,ERYTHROBLASTES
1360,2982,NEUTROPHILES
1361,2505,ARTEFACTS
1362,1234,ERYTHROBLASTES
1363,1683,ERYTHROBLASTES
1364,1435,ERYTHROBLASTES
1365,2095,ERYTHROBLASTES
1366,2298,ERYTHROBLASTES
1367,1621,NEUTROPHILES
1368,1307,BLASTES
1369,2086,ERYTHROBLASTES
1370,1572,LYMPHOCYTES
1371,2610,ERYTHROBLASTES
1372,1244,NEUTROPHILES
1373,1167,ERYTHROBLASTES
1374,1279,NEUTROPHILES
1375,3128,ERYTHROBLASTES
1376,2069,ERYTHROBLASTES
1377,2353,MONOCYTES
1378,1622,ERYTHROBLASTES
1379,2315,LYMPHOCYTES
1380,1451,ERYTHROBLASTES
1381,1383,ERYTHROBLASTES
1382,2196,ARTEFACTS
1383,2576,ERYTHROBLASTES
1384,2832,NEUTROPHILES
1385,2306,BLASTES
1386,1656,ERYTHROBLASTES
1387,2565,ERYTHROBLASTES
1388,1857,ERYTHROBLASTES
1389,1699,ERYTHROBLASTES
1390,2663,NEUTROPHILES
1391,1396,ERYTHROBLASTES
1392,1506,ERYTHROBLASTES
1393,3004,ERYTHROBLASTES
1394,2301,ERYTHROBLASTES
1395,2200,ERYTHROBLASTES
1396,2215,LYMPHOCYTES
1397,3091,ARTEFACTS
1398,2254,ERYTHROBLASTES
1399,1143,ERYTHROBLASTES
1400,1961,ARTEFACTS
1401,1406,ERYTHROBLASTES
1402,2263,ERYTHROBLASTES
1403,2554,ERYTHROBLASTES
1404,1387,ERYTHROBLASTES
1405,2846,ERYTHROBLASTES
1406,2678,NEUTROPHILES
1407,1250,ERYTHROBLASTES
1408,2343,ERYTHROBLASTES
1409,2780,ERYTHROBLASTES
1410,1524,ERYTHROBLASTES
1411,2125,NEUTROPHILES
1412,1575,BLASTES
1413,2809,LYMPHOCYTES
1414,2719,ERYTHROBLASTES
1415,1398,ERYTHROBLASTES
1416,1419,ERYTHROBLASTES
1417,1869,ERYTHROBLASTES
1418,2458,BLASTES
1419,2520,ERYTHROBLASTES
1420,1558,ERYTHROBLASTES
1421,3059,ERYTHROBLASTES
1422,2525,ERYTHROBLASTES
1423,1355,ERYTHROBLASTES
1424,1581,ERYTHROBLASTES
1425,2810,MONOCYTES
1426,2277,LYMPHOCYTES
1427,3045,ARTEFACTS
1428,3005,BLASTES
1429,2616,ERYTHROBLASTES
1430,1332,MONOCYTES
1431,1975,ERYTHROBLASTES
1432,1347,ERYTHROBLASTES
1433,2921,MONOCYTES
1434,1792,ERYTHROBLASTES
1435,2901,LYMPHOCYTES
1436,2627,BLASTES
1437,1144,NEUTROPHILES
1438,2814,ERYTHROBLASTES
1439,2243,ERYTHROBLASTES
1440,1802,BLASTES
1441,1609,NEUTROPHILES
1442,2644,ARTEFACTS
1443,1306,ERYTHROBLASTES
1444,2283,ERYTHROBLASTES
1445,1665,ERYTHROBLASTES
1446,1433,ERYTHROBLASTES
1447,1551,ERYTHROBLASTES
1448,2067,ERYTHROBLASTES
1449,1641,ERYTHROBLASTES
1450,2201,ERYTHROBLASTES
1451,2463,ERYTHROBLASTES
1452,1458,ERYTHROBLASTES
1453,2052,ERYTHROBLASTES
1454,1674,ERYTHROBLASTES
1455,2578,ERYTHROBLASTES
1456,1956,ERYTHROBLASTES
1457,2725,ERYTHROBLASTES
1458,2015,BLASTES
1459,2429,NEUTROPHILES
1460,2863,ERYTHROBLASTES
1461,1564,ERYTHROBLASTES
1462,1714,ERYTHROBLASTES
1463,1935,ERYTHROBLASTES
1464,2500,ERYTHROBLASTES
1465,2999,ERYTHROBLASTES
1466,3013,LYMPHOCYTES
1467,1437,ERYTHROBLASTES
1468,1817,ERYTHROBLASTES
1469,2373,ERYTHROBLASTES
1470,2178,LYMPHOCYTES
1471,2402,ERYTHROBLASTES
1472,1271,LYMPHOCYTES
1473,2782,ERYTHROBLASTES
1474,1356,ERYTHROBLASTES
1475,2482,ERYTHROBLASTES
1476,1237,ERYTHROBLASTES
1477,1773,ERYTHROBLASTES
1478,2705,ERYTHROBLASTES
1479,2537,ERYTHROBLASTES
1480,2773,ERYTHROBLASTES
1481,1662,BLASTES
1482,1527,ERYTHROBLASTES
1483,2455,ERYTHROBLASTES
1484,1291,ERYTHROBLASTES
1485,1801,ERYTHROBLASTES
1486,1892,ERYTHROBLASTES
1487,1872,ERYTHROBLASTES
1488,2274,ERYTHROBLASTES
1489,2732,ERYTHROBLASTES
1490,2158,ERYTHROBLASTES
1491,1771,LYMPHOCYTES
1492,2604,ERYTHROBLASTES
1493,3044,LYMPHOCYTES
1494,1613,NEUTROPHILES
1495,1194,ERYTHROBLASTES
1496,2865,ERYTHROBLASTES
1497,1570,NEUTROPHILES
1498,1292,ERYTHROBLASTES
1499,3113,ERYTHROBLASTES
1500,1390,ERYTHROBLASTES
1501,2722,ERYTHROBLASTES
1502,3098,ERYTHROBLASTES
1503,1752,ERYTHROBLASTES
1504,1166,ERYTHROBLASTES
1505,2508,MONOCYTES
1506,3024,LYMPHOCYTES
1507,2323,ERYTHROBLASTES
1508,3138,ERYTHROBLASTES
1509,1891,LYMPHOCYTES
1510,2486,ERYTHROBLASTES
1511,1955,ARTEFACTS
1512,1227,ERYTHROBLASTES
1513,2704,NEUTROPHILES
1514,1523,ERYTHROBLASTES
1515,2465,ERYTHROBLASTES
1516,2226,ERYTHROBLASTES
1517,1276,ERYTHROBLASTES
1518,1414,ERYTHROBLASTES
1519,1428,MYELOCYTES
1520,2916,ERYTHROBLASTES
1521,2411,MONOCYTES
1522,2822,ERYTHROBLASTES
1523,1314,LYMPHOCYTES
1524,2980,ERYTHROBLASTES
1525,2743,ERYTHROBLASTES
1526,2431,ERYTHROBLASTES
1527,1755,ERYTHROBLASTES
1528,2995,ERYTHROBLASTES
1529,1526,ERYTHROBLASTES
1530,2206,LYMPHOCYTES
1531,1574,ERYTHROBLASTES
1532,3028,ERYTHROBLASTES
1533,2239,MONOCYTES
1534,2117,ERYTHROBLASTES
1535,2601,ERYTHROBLASTES
1536,1628,ERYTHROBLASTES
1537,1741,ERYTHROBLASTES
1538,2389,BLASTES
1539,1651,MONOCYTES
1540,1944,ARTEFACTS
1541,3112,ERYTHROBLASTES
1542,1269,ARTEFACTS
1543,1562,ERYTHROBLASTES
1544,3115,ERYTHROBLASTES
1545,1281,NEUTROPHILES
1546,1923,ERYTHROBLASTES
1547,1252,ARTEFACTS
1548,1204,ERYTHROBLASTES
1549,1447,MONOCYTES
1550,2670,ERYTHROBLASTES
1551,2903,MONOCYTES
1552,1904,MYELOCYTES
1553,2116,ERYTHROBLASTES
1554,1733,ERYTHROBLASTES
1555,2438,BLASTES
1556,1337,ERYTHROBLASTES
1557,2137,ERYTHROBLASTES
1558,2396,ERYTHROBLASTES
1559,1322,ERYTHROBLASTES
1560,2820,ERYTHROBLASTES
1561,1688,ERYTHROBLASTES
1562,3041,MYELOCYTES
1563,1330,LYMPHOCYTES
1564,1536,ERYTHROBLASTES
1565,2518,ARTEFACTS
1566,1766,ERYTHROBLASTES
1567,1455,ARTEFACTS
1568,1150,ERYTHROBLASTES
1569,2767,MONOCYTES
1570,2491,ARTEFACTS
1571,2446,ERYTHROBLASTES
1572,1740,ERYTHROBLASTES
1573,2661,LYMPHOCYTES
1574,2213,LYMPHOCYTES
1575,2528,MONOCYTES
1576,1202,ERYTHROBLASTES
1577,2110,ARTEFACTS
1578,2843,ERYTHROBLASTES
1579,1255,MONOCYTES
1580,1903,ERYTHROBLASTES
1581,2668,ERYTHROBLASTES
1582,3065,ERYTHROBLASTES
1583,1188,ERYTHROBLASTES
1584,3051,ERYTHROBLASTES
1585,2569,NEUTROPHILES
1586,2001,ERYTHROBLASTES
1587,1495,ERYTHROBLASTES
1588,1315,ERYTHROBLASTES
1589,1223,ERYTHROBLASTES
1590,2450,NEUTROPHILES
1591,1509,ERYTHROBLASTES
1592,1991,ERYTHROBLASTES
1593,2973,ERYTHROBLASTES
1594,1998,ARTEFACTS
1595,2227,ERYTHROBLASTES
1596,1737,ERYTHROBLASTES
1597,2624,MONOCYTES
1598,2464,MONOCYTES
1599,2542,ERYTHROBLASTES
1600,1828,ERYTHROBLASTES
1601,1516,ERYTHROBLASTES
1602,3086,ERYTHROBLASTES
1603,1446,MONOCYTES
1604,1392,ERYTHROBLASTES
1605,1969,ERYTHROBLASTES
1606,2040,ERYTHROBLASTES
1607,1546,NEUTROPHILES
1608,1916,ERYTHROBLASTES
1609,3029,MONOCYTES
1610,2250,LYMPHOCYTES
1611,2098,ERYTHROBLASTES
1612,1287,MONOCYTES
1613,1767,MONOCYTES
1614,2579,LYMPHOCYTES
1615,2473,NEUTROPHILES
1616,2386,LYMPHOCYTES
1617,1915,ERYTHROBLASTES
1618,1231,LYMPHOCYTES
1619,1713,BLASTES
1620,2703,ERYTHROBLASTES
1621,1760,ERYTHROBLASTES
1622,1863,ERYTHROBLASTES
1623,2276,ERYTHROBLASTES
1624,1530,ERYTHROBLASTES
1625,1860,ARTEFACTS
1626,2380,MONOCYTES
1627,2584,NEUTROPHILES
1628,1990,ERYTHROBLASTES
1629,2475,ERYTHROBLASTES
1630,1831,NEUTROPHILES
1631,1517,ERYTHROBLASTES
1632,1883,ERYTHROBLASTES
1633,1932,ERYTHROBLASTES
1634,3019,ERYTHROBLASTES
1635,2566,ERYTHROBLASTES
1636,1853,ERYTHROBLASTES
1637,3049,ERYTHROBLASTES
1638,3050,ERYTHROBLASTES
1639,3037,ERYTHROBLASTES
1640,1374,MONOCYTES
1641,2562,ERYTHROBLASTES
1642,1884,ERYTHROBLASTES
1643,2600,ERYTHROBLASTES
1644,1930,NEUTROPHILES
1645,2596,ERYTHROBLASTES
1646,2581,NEUTROPHILES
1647,1873,ERYTHROBLASTES
1648,2928,MONOCYTES
1649,2162,ERYTHROBLASTES
1650,1774,LYMPHOCYTES
1651,1134,ERYTHROBLASTES
1652,1492,ERYTHROBLASTES
1653,1761,ERYTHROBLASTES
1654,1190,MONOCYTES
1655,3110,MONOCYTES
1656,1278,ERYTHROBLASTES
1657,1585,ERYTHROBLASTES
1658,2991,NEUTROPHILES
1659,2327,NEUTROPHILES
1660,1726,ERYTHROBLASTES
1661,1353,ERYTHROBLASTES
1662,1261,ERYTHROBLASTES
1663,1301,ERYTHROBLASTES
1664,2391,MONOCYTES
1665,2833,ERYTHROBLASTES
1666,2799,MONOCYTES
1667,1555,ERYTHROBLASTES
1668,2121,MONOCYTES
1669,2964,MONOCYTES
1670,2896,ERYTHROBLASTES
1671,1282,MONOCYTES
1672,1682,ERYTHROBLASTES
1673,3008,ERYTHROBLASTES
1674,1168,ERYTHROBLASTES
1675,1848,LYMPHOCYTES
1676,1712,ERYTHROBLASTES
1677,1813,ERYTHROBLASTES
1678,1528,ERYTHROBLASTES
1679,2524,ARTEFACTS
1680,2202,MYELOCYTES
1681,3035,MONOCYTES
1682,2362,ERYTHROBLASTES
1683,1838,ERYTHROBLASTES
1684,2292,LYMPHOCYTES
1685,1882,ERYTHROBLASTES
1686,1702,MYELOCYTES
1687,2941,LYMPHOCYTES
1688,2005,ERYTHROBLASTES
1689,1606,ERYTHROBLASTES
1690,1200,LYMPHOCYTES
1691,1794,LYMPHOCYTES
1692,2794,ERYTHROBLASTES
1693,1722,LYMPHOCYTES
1694,2004,NEUTROPHILES
1695,1753,NEUTROPHILES
1696,2260,ARTEFACTS
1697,2958,ERYTHROBLASTES
1698,3066,MONOCYTES
1699,3092,ERYTHROBLASTES
1700,1934,ERYTHROBLASTES
1701,1952,ARTEFACTS
1702,1639,ERYTHROBLASTES
1703,2558,ARTEFACTS
1704,2969,ERYTHROBLASTES
1705,2171,ERYTHROBLASTES
1706,2249,LYMPHOCYTES
1707,2247,ERYTHROBLASTES
1708,1183,MONOCYTES
1709,2058,ERYTHROBLASTES
1710,2937,LYMPHOCYTES
1711,1236,LYMPHOCYTES
1712,2261,NEUTROPHILES
1713,1710,ERYTHROBLASTES
1714,2933,NEUTROPHILES
1715,2159,ERYTHROBLASTES
1716,2127,ERYTHROBLASTES
1717,1854,ERYTHROBLASTES
1718,2278,ERYTHROBLASTES
1719,2063,ARTEFACTS
1720,1318,LYMPHOCYTES
1721,2079,ERYTHROBLASTES
1722,3048,MONOCYTES
1723,2447,LYMPHOCYTES
1724,3133,ERYTHROBLASTES
1725,2187,ERYTHROBLASTES
1726,2112,ERYTHROBLASTES
1727,2947,ERYTHROBLASTES
1728,1820,NEUTROPHILES
1729,1964,ERYTHROBLASTES
1730,2332,ERYTHROBLASTES
1731,2082,ERYTHROBLASTES
1732,1310,ARTEFACTS
1733,1617,ERYTHROBLASTES
1734,2336,LYMPHOCYTES
1735,2173,ERYTHROBLASTES
1736,1954,ERYTHROBLASTES
1737,1309,ERYTHROBLASTES
1738,2467,ERYTHROBLASTES
1739,2798,ERYTHROBLASTES
1740,1132,MONOCYTES
1741,1595,MONOCYTES
1742,1420,ERYTHROBLASTES
1743,2238,ERYTHROBLASTES
1744,3095,ERYTHROBLASTES
1745,2507,LYMPHOCYTES
1746,2586,ERYTHROBLASTES
1747,2062,ERYTHROBLASTES
1748,1599,ERYTHROBLASTES
1749,2299,MONOCYTES
1750,1386,LYMPHOCYTES
1751,2692,ERYTHROBLASTES
1752,1331,ERYTHROBLASTES
1753,1462,ERYTHROBLASTES
1754,1348,NEUTROPHILES
1755,3055,ERYTHROBLASTES
1756,2153,LYMPHOCYTES
1757,1205,MONOCYTES
1758,3120,ARTEFACTS
1759,1709,ERYTHROBLASTES
1760,1391,MONOCYTES
1761,2740,NEUTROPHILES
1762,2167,ERYTHROBLASTES
1763,2029,LYMPHOCYTES
1764,1146,MONOCYTES
1765,2266,ERYTHROBLASTES
1766,2735,ERYTHROBLASTES
1767,1519,ERYTHROBLASTES
1768,1762,LYMPHOCYTES
1769,1593,ERYTHROBLASTES
1770,2654,NEUTROPHILES
1771,1413,ARTEFACTS
1772,2882,ERYTHROBLASTES
1773,1583,ERYTHROBLASTES
1774,1926,ERYTHROBLASTES
1775,1602,ERYTHROBLASTES
1776,2055,ARTEFACTS
1777,2434,ERYTHROBLASTES
1778,1987,NEUTROPHILES
1779,2985,NEUTROPHILES
1780,2594,LYMPHOCYTES
1781,2684,NEUTROPHILES
1782,2390,ERYTHROBLASTES
1783,2003,MONOCYTES
1784,2089,ERYTHROBLASTES
1785,3074,NEUTROPHILES
1786,3009,ERYTHROBLASTES
1787,1809,ERYTHROBLASTES
1788,2436,ERYTHROBLASTES
1789,1981,ERYTHROBLASTES
1790,1744,ERYTHROBLASTES
1791,2874,MYELOCYTES
1792,2288,ERYTHROBLASTES
1793,1161,ERYTHROBLASTES
1794,2675,ERYTHROBLASTES
1795,2400,NEUTROPHILES
1796,2898,MONOCYTES
1797,2580,ERYTHROBLASTES
1798,2351,ERYTHROBLASTES
1799,2925,ERYTHROBLASTES
1800,1937,ERYTHROBLASTES
1801,2768,ERYTHROBLASTES
1802,1703,ERYTHROBLASTES
1803,2787,MONOCYTES
1804,2366,ERYTHROBLASTES
1805,2811,NEUTROPHILES
1806,1561,MONOCYTES
1807,1317,LYMPHOCYTES
1808,2966,NEUTROPHILES
1809,3003,ERYTHROBLASTES
1810,2042,ERYTHROBLASTES
1811,2891,NEUTROPHILES
1812,2881,ARTEFACTS
1813,1251,ERYTHROBLASTES
1814,1130,ERYTHROBLASTES
1815,2487,BLASTES
1816,1983,ERYTHROBLASTES
1817,1756,ERYTHROBLASTES
1818,1843,ERYTHROBLASTES
1819,1185,BLASTES
1820,2503,LYMPHOCYTES
1821,1359,ERYTHROBLASTES
1822,1537,ERYTHROBLASTES
1823,2011,ARTEFACTS
1824,2599,ERYTHROBLASTES
1825,2372,ERYTHROBLASTES
1826,1619,MYELOCYTES
1827,2935,NEUTROPHILES
1828,3069,ERYTHROBLASTES
1829,1769,ERYTHROBLASTES
1830,1154,ERYTHROBLASTES
1831,2177,ERYTHROBLASTES
1832,1535,ERYTHROBLASTES
1833,2358,LYMPHOCYTES
1834,2412,ERYTHROBLASTES
1835,2035,NEUTROPHILES
1836,2983,ERYTHROBLASTES
1837,1724,ERYTHROBLASTES
1838,2709,LYMPHOCYTES
1839,2253,ERYTHROBLASTES
1840,1228,LYMPHOCYTES
1841,2415,ERYTHROBLASTES
1842,1149,MONOCYTES
1843,2817,ERYTHROBLASTES
1844,1681,ERYTHROBLASTES
1845,3114,ERYTHROBLASTES
1846,1529,ERYTHROBLASTES
1847,2217,LYMPHOCYTES
1848,1408,ERYTHROBLASTES
1849,2316,NEUTROPHILES
1850,1145,ERYTHROBLASTES
1851,2271,ERYTHROBLASTES
1852,1837,MONOCYTES
1853,1807,ERYTHROBLASTES
1854,1868,ARTEFACTS
1855,1727,LYMPHOCYTES
1856,1273,ERYTHROBLASTES
1857,2749,ERYTHROBLASTES
1858,2019,ERYTHROBLASTES
1859,1949,ERYTHROBLASTES
1860,1653,ERYTHROBLASTES
1861,1405,ARTEFACTS
1862,2908,ERYTHROBLASTES
1863,1824,ERYTHROBLASTES
1864,3040,ERYTHROBLASTES
1865,2146,ERYTHROBLASTES
1866,1389,ERYTHROBLASTES
1867,2899,LYMPHOCYTES
1868,1649,LYMPHOCYTES
1869,2311,ERYTHROBLASTES
1870,1171,ERYTHROBLASTES
1871,3007,ERYTHROBLASTES
1872,1397,ERYTHROBLASTES
1873,2720,ARTEFACTS
1874,1736,ERYTHROBLASTES
1875,2272,ERYTHROBLASTES
1876,2753,ERYTHROBLASTES
1877,2824,ERYTHROBLASTES
1878,2234,ERYTHROBLASTES
1879,1212,ERYTHROBLASTES
1880,2179,ERYTHROBLASTES
1881,1905,ERYTHROBLASTES
1882,1364,ERYTHROBLASTES
1883,1224,ARTEFACTS
1884,3105,MONOCYTES
1885,3053,ERYTHROBLASTES
1886,1999,ERYTHROBLASTES
1887,2923,ERYTHROBLASTES
1888,2613,ERYTHROBLASTES
1889,2679,MONOCYTES
1890,1233,ERYTHROBLASTES
1891,1730,ERYTHROBLASTES
1892,1966,MONOCYTES
1893,2620,ERYTHROBLASTES
1894,2287,ERYTHROBLASTES
1895,1489,MONOCYTES
1896,1262,ARTEFACTS
1897,2073,ERYTHROBLASTES
1898,2806,ERYTHROBLASTES
1899,1424,ERYTHROBLASTES
1900,2280,ERYTHROBLASTES
1901,2783,ERYTHROBLASTES
1902,2157,ERYTHROBLASTES
1903,1412,ERYTHROBLASTES
1904,2122,ERYTHROBLASTES
1905,1501,ERYTHROBLASTES
1906,1404,ERYTHROBLASTES
1907,3140,ERYTHROBLASTES
1908,2036,ERYTHROBLASTES
1909,2118,ERYTHROBLASTES
1910,2708,BLASTES
1911,1247,ERYTHROBLASTES
1912,2728,ERYTHROBLASTES
1913,3077,ERYTHROBLASTES
1914,1177,ERYTHROBLASTES
1915,1195,NEUTROPHILES
1916,2623,MONOCYTES
1917,2499,ERYTHROBLASTES
1918,2870,ERYTHROBLASTES
1919,1196,ERYTHROBLASTES
1920,1372,ERYTHROBLASTES
1921,1657,LYMPHOCYTES
1922,2449,LYMPHOCYTES
1923,1311,LYMPHOCYTES
1924,2404,ERYTHROBLASTES
1925,2582,LYMPHOCYTES
1926,2563,ERYTHROBLASTES
1927,1977,BLASTES
1928,2251,ERYTHROBLASTES
1929,2483,ERYTHROBLASTES
1930,2355,MONOCYTES
1931,3084,ERYTHROBLASTES
1932,2835,ERYTHROBLASTES
1933,2754,ERYTHROBLASTES
1934,1901,ERYTHROBLASTES
1935,1626,ERYTHROBLASTES
1936,1256,ERYTHROBLASTES
1937,1993,ERYTHROBLASTES
1938,1468,MYELOCYTES
1939,2645,NEUTROPHILES
1940,2490,ERYTHROBLASTES
1941,1677,ERYTHROBLASTES
1942,2496,ERYTHROBLASTES
1943,2368,LYMPHOCYTES
1944,1805,BLASTES
1945,2203,ERYTHROBLASTES
1946,1533,ERYTHROBLASTES
1947,1559,LYMPHOCYTES
1948,3030,NEUTROPHILES
1949,2717,BLASTES
1950,2418,ERYTHROBLASTES
1951,1950,ARTEFACTS
1952,2399,ARTEFACTS
1953,2220,ERYTHROBLASTES
1954,1573,NEUTROPHILES
1955,1158,ERYTHROBLASTES
1956,2762,ERYTHROBLASTES
1957,2405,ERYTHROBLASTES
1958,1547,ERYTHROBLASTES
1959,2630,ERYTHROBLASTES
1960,1879,MONOCYTES
1961,3132,NEUTROPHILES
1962,2548,ERYTHROBLASTES
1963,2667,NEUTROPHILES
1964,1478,MYELOCYTES
1965,1340,ERYTHROBLASTES
1966,1580,MONOCYTES
1967,2140,ERYTHROBLASTES
1968,1859,NEUTROPHILES
1969,1220,NEUTROPHILES
1970,2634,ERYTHROBLASTES
1971,1690,MONOCYTES
1972,1440,ERYTHROBLASTES
1973,3060,BLASTES
1974,1840,ERYTHROBLASTES
1975,2988,ERYTHROBLASTES
1976,1512,ERYTHROBLASTES
1977,2531,MONOCYTES
1978,2965,ERYTHROBLASTES
1979,2639,ARTEFACTS
1980,3056,MYELOCYTES
1981,1230,ERYTHROBLASTES
1982,2290,ERYTHROBLASTES
1983,1176,NEUTROPHILES
1984,1850,LYMPHOCYTES
1985,2347,ERYTHROBLASTES
1986,3096,LYMPHOCYTES
1987,2697,LYMPHOCYTES
1988,2656,ERYTHROBLASTES
1989,2209,ERYTHROBLASTES
1990,1616,NEUTROPHILES
1991,2341,ERYTHROBLASTES
1992,2144,ERYTHROBLASTES
1993,2047,ERYTHROBLASTES
1994,2054,ERYTHROBLASTES
1995,2850,ERYTHROBLASTES
1996,2131,ERYTHROBLASTES
1997,1685,ERYTHROBLASTES
1998,2815,ERYTHROBLASTES
1999,1696,ERYTHROBLASTES
2000,2424,ERYTHROBLASTES
2001,2802,NEUTROPHILES
2002,1268,ERYTHROBLASTES
2003,1963,NEUTROPHILES
2004,1946,ERYTHROBLASTES
2005,1303,ERYTHROBLASTES
2006,2904,ARTEFACTS
2007,1834,ERYTHROBLASTES
2008,2208,ERYTHROBLASTES
2009,2359,ERYTHROBLASTES
2010,3026,ERYTHROBLASTES
2011,1407,ERYTHROBLASTES
2012,2561,LYMPHOCYTES
2013,2829,ERYTHROBLASTES
2014,2591,NEUTROPHILES
2015,2849,ERYTHROBLASTES
2016,3012,LYMPHOCYTES
